sector,planned_duration_months,physical_progress,planned_progress,financial_progress,expenditure_ratio,milestones_completed,milestones_total,milestones_overdue
0,85.0,95.0,0,89.78,1.5334675462578138,0,0,0
0,30.0,25.0,0,81.69,0.7585700000000001,0,0,0
0,30.0,0.0,0,6.03,0.0602714687719281,0,0,0
0,71.0,100.0,0,0.0,0.0,0,0,0
0,24.0,11.28,0,14.64,0.1433371752814965,0,0,0
0,36.0,85.87,0,66.05,0.6604943777056649,0,0,0
0,24.0,37.27,0,45.23,0.352343050442742,0,0,0
0,115.0,81.0,0,61.72,0.6171500710032276,0,0,0
0,34.0,100.0,0,72.54,0.7254166666666666,0,0,0
0,18.0,91.39,0,82.96,0.8295685178839717,0,0,0
0,24.0,82.76,0,112.04,1.2696382035401224,0,0,0
0,18.0,17.86,0,48.44,0.4843606911007549,0,0,0
0,6.0,95.86,0,0.0,0.0,0,0,0
0,57.0,0.0,0,0.01,9.523809523809524e-05,0,0,0
0,30.0,75.72,0,76.76,0.7558428724367949,0,0,0
0,312.0,55.44,0,17.45,0.1745003123048095,0,0,0
0,24.0,99.7,0,62.49,0.6248645720476707,0,0,0
0,61.0,14.0,0,17.1,0.5839582328783067,0,0,0
0,29.0,30.0,0,33.72,0.4858917589175891,0,0,0
0,29.0,100.0,0,39.67,0.3906910499052176,0,0,0
0,18.0,59.5,0,27.83,0.2074019153537226,0,0,0
0,35.0,84.0,0,75.86,0.670777020522891,0,0,0
0,30.0,44.34,0,60.24,0.5842520161512141,0,0,0
0,30.0,42.8,0,68.81,0.498063403202708,0,0,0
0,24.0,100.0,0,95.05,0.9554706713411124,0,0,0
0,30.0,27.9,0,35.4,0.3539703034215622,0,0,0
0,512.0,84.0,0,71.99,1.4540485629335975,0,0,0
0,48.0,41.2,0,41.74,0.4173628675813086,0,0,0
0,24.0,94.14,0,49.1,0.6799069011703225,0,0,0
0,24.0,97.92,0,85.05,1.271565631744268,0,0,0
0,59.0,62.0,0,66.28,0.6627638428774255,0,0,0
0,19.0,74.55,0,48.89,0.488857694332339,0,0,0
0,18.0,56.2,0,35.65,0.3564545127651923,0,0,0
0,60.0,81.9,0,77.64,0.776369514289137,0,0,0
0,52.0,81.0,0,46.14,0.4613630880579011,0,0,0
0,79.0,100.0,0,98.26,0.0,0,0,0
0,85.0,97.0,0,113.81,1.1380509432322004,0,0,0
0,24.0,100.0,0,92.2,0.9342341947089018,0,0,0
0,24.0,100.0,0,0.0,0.0,0,0,0
0,24.0,47.2,0,27.67,0.2350510654604222,0,0,0
0,43.0,100.0,0,124.3,0.0,0,0,0
0,122.0,92.0,0,145.6,1.4560020490242906,0,0,0
0,95.0,86.0,0,72.17,0.9996090279011908,0,0,0
0,23.0,100.0,0,0.0,0.0,0,0,0
0,41.0,34.0,0,8.77,0.0876614139958622,0,0,0
0,24.0,89.72,0,76.85,0.767970199132341,0,0,0
0,34.0,21.0,0,13.85,0.1385243670024503,0,0,0
0,24.0,64.2,0,32.28,0.2772676285150659,0,0,0
0,279.0,60.0,0,63.24,8.176270941652225,0,0,0
0,70.0,1.0,0,2.13,0.0212967914438502,0,0,0
0,46.0,91.0,0,94.39,0.9439159122295536,0,0,0
0,68.0,95.64,0,88.48,1.2243456007799172,0,0,0
0,118.0,27.74,0,6.59,0.0659395194022126,0,0,0
0,24.0,40.11,0,34.4,0.1937692749986932,0,0,0
0,100.0,95.0,0,89.02,0.8901683724001321,0,0,0
0,18.0,99.52,0,88.57,0.8856612362242454,0,0,0
0,42.0,5.0,0,10.15,0.1015283076274954,0,0,0
0,57.0,100.0,0,91.0,0.0,0,0,0
0,24.0,98.08,0,1.12,0.011232516144829,0,0,0
0,24.0,98.39,0,81.07,0.8107013301088271,0,0,0
0,122.0,72.02,0,110.51,2.6494913793103447,0,0,0
0,24.0,98.0,0,0.0,0.0,0,0,0
0,36.0,0.0,0,0.01,5.774783445620789e-05,0,0,0
0,62.0,52.13,0,45.58,1.093910171438671,0,0,0
0,61.0,52.0,0,0.0,0.0,0,0,0
0,42.0,100.0,0,21.31,0.213108010450831,0,0,0
0,44.0,0.0,0,0.0,0.0,0,0,0
0,24.0,48.73,0,40.63,0.4062530995492566,0,0,0
0,24.0,68.0,0,77.52,0.5614572666404096,0,0,0
0,15.0,0.0,0,0.06,0.0005534253073486,0,0,0
0,18.0,100.0,0,57.09,0.5709216101694915,0,0,0
0,132.0,2.04,0,3.19,0.0319691312642054,0,0,0
0,28.0,0.5,0,0.46,0.0045794392523364,0,0,0
0,30.0,100.0,0,88.13,0.1629191489361702,0,0,0
0,108.0,89.73,0,70.53,0.7053264067096451,0,0,0
0,18.0,96.0,0,41.17,0.3524642998809996,0,0,0
0,24.0,0.0,0,0.0,0.0,0,0,0
0,91.0,53.03,0,53.7,0.5369754275375007,0,0,0
0,24.0,68.9,0,53.55,0.9009220081360516,0,0,0
0,23.0,0.0,0,0.0,0.0,0,0,0
0,16.0,56.3,0,58.97,0.6206387677061452,0,0,0
0,24.0,93.0,0,82.96,0.829593183727349,0,0,0
0,79.0,96.0,0,93.38,0.9338202584911331,0,0,0
0,24.0,0.68,0,0.53,0.0053079518557687,0,0,0
0,24.0,9.32,0,2.24,0.0223603056245972,0,0,0
0,18.0,77.0,0,10.33,0.1307638969143649,0,0,0
0,24.0,100.0,0,63.53,0.6353107484747781,0,0,0
0,24.0,100.0,0,57.65,0.6229464395323479,0,0,0
0,24.0,40.71,0,33.42,0.3341994526171741,0,0,0
0,24.0,75.39,0,64.2,0.5818490153172866,0,0,0
0,33.0,43.89,0,31.0,0.31,0,0,0
0,97.0,61.04,0,68.21,0.6820951115987641,0,0,0
0,55.0,100.0,0,100.0,0.0,0,0,0
0,24.0,99.79,0,99.01,0.8594143343699097,0,0,0
0,105.0,91.0,0,76.69,0.9413694581280788,0,0,0
0,134.0,86.5,0,76.02,0.9191044776119404,0,0,0
0,24.0,88.99,0,56.92,0.5691794413310365,0,0,0
0,24.0,98.6,0,62.61,0.6260842578943285,0,0,0
0,24.0,100.0,0,92.42,0.9241576625535451,0,0,0
0,24.0,83.87,0,92.6,2.791963733772924,0,0,0
0,48.0,3.0,0,7.11,0.0710892134436037,0,0,0
0,25.0,46.0,0,27.49,0.2749378624689312,0,0,0
0,30.0,4.0,0,0.0,0.0,0,0,0
0,24.0,70.73,0,37.55,0.3745142140212368,0,0,0
0,20.0,98.7,0,89.71,1.1794338215085003,0,0,0
0,92.0,95.0,0,80.0,0.8544598169899396,0,0,0
0,30.0,0.0,0,0.16,0.0016040100250626,0,0,0
0,102.0,88.0,0,91.29,1.7093659377694177,0,0,0
0,231.0,100.0,0,42.43,0.0,0,0,0
0,21.0,23.5,0,15.86,0.1465394973070018,0,0,0
0,0.0,0.0,0,0.0,0.0,0,0,0
0,23.0,82.79,0,65.07,0.6507401067364817,0,0,0
0,112.0,50.0,0,49.53,1.3952317880794702,0,0,0
0,24.0,35.0,0,0.0,0.0,0,0,0
0,24.0,62.99,0,73.89,0.6999779567769134,0,0,0
0,9.0,100.0,0,0.0,0.0,0,0,0
0,18.0,100.0,0,70.38,0.7037714007189424,0,0,0
0,76.0,33.55,0,18.2,0.1819765022249256,0,0,0
0,30.0,5.13,0,2.8,0.0150693105027266,0,0,0
0,52.0,83.8,0,72.97,0.7297262727040162,0,0,0
0,24.0,99.8,0,63.8,0.6323724928366762,0,0,0
0,30.0,71.09,0,57.64,0.5763591404590256,0,0,0
0,33.0,100.0,0,0.0,0.0,0,0,0
0,24.0,89.0,0,44.05,0.4399681027898827,0,0,0
0,18.0,46.33,0,17.78,0.1778390246181155,0,0,0
0,39.0,95.9,0,80.94,0.8093834153589005,0,0,0
0,24.0,100.0,0,0.62,0.0062242969878848,0,0,0
0,24.0,26.31,0,19.18,0.2081245957360457,0,0,0
0,24.0,92.4,0,51.18,0.5927820165264618,0,0,0
0,24.0,99.7,0,86.54,0.8752713004890966,0,0,0
0,24.0,93.9,0,68.92,0.6763015829444596,0,0,0
0,50.0,76.22,0,79.64,1.2284302415675203,0,0,0
0,18.0,100.0,0,89.39,0.0,0,0,0
0,24.0,45.85,0,0.0,0.0,0,0,0
0,44.0,100.0,0,0.0,0.0,0,0,0
0,23.0,100.0,0,1.64,0.0164467005076142,0,0,0
0,24.0,34.47,0,13.92,0.139226374203717,0,0,0
0,29.0,50.0,0,26.64,0.2664220736794491,0,0,0
0,0.0,0.0,0,60.0,0.6,0,0,0
0,24.0,82.34,0,87.71,0.8727180232558139,0,0,0
0,27.0,87.0,0,58.12,0.5812159709618875,0,0,0
0,24.0,3.0,0,1.49,0.0149352934276889,0,0,0
0,90.0,64.0,0,57.28,0.5727815198227928,0,0,0
0,18.0,99.64,0,0.0,0.0,0,0,0
0,35.0,15.0,0,67.67,0.6766668670714844,0,0,0
0,86.0,23.28,0,27.98,0.2797682824881374,0,0,0
0,18.0,93.75,0,0.0,0.0,0,0,0
0,36.0,20.54,0,11.52,0.1152498627127951,0,0,0
0,24.0,20.45,0,22.45,0.2245338567222767,0,0,0
0,30.0,0.0,0,0.2,0.0019755708975039,0,0,0
0,58.0,67.0,0,54.92,0.5492436130814136,0,0,0
0,24.0,54.54,0,31.35,0.3134527058510284,0,0,0
0,50.0,90.0,0,91.92,1.025143904199597,0,0,0
0,38.0,70.47,0,56.24,0.5623915026333598,0,0,0
0,59.0,16.5,0,1.19,0.0119475655430711,0,0,0
0,36.0,37.23,0,0.0,0.0,0,0,0
0,24.0,53.7,0,40.27,0.2779946241171256,0,0,0
0,24.0,77.65,0,37.72,0.3738653832076714,0,0,0
0,82.0,9.64,0,16.07,0.1606552494415487,0,0,0
0,106.0,14.61,0,1.07,0.0107253634291266,0,0,0
0,36.0,92.1,0,55.33,0.5533081546356826,0,0,0
0,24.0,62.5,0,65.72,0.6571782178217822,0,0,0
0,24.0,92.52,0,56.32,0.5632103767627868,0,0,0
0,18.0,100.0,0,86.83,0.5916406437665145,0,0,0
0,24.0,53.0,0,45.77,0.457659137577002,0,0,0
0,30.0,90.82,0,57.03,0.8287955567007358,0,0,0
0,42.0,95.35,0,16.69,0.1668769674188792,0,0,0
0,30.0,99.14,0,59.7,0.8435642003135118,0,0,0
0,12.0,40.0,0,15.0,0.1500041877216002,0,0,0
0,66.0,93.18,0,93.97,0.9397308488612836,0,0,0
0,107.0,100.0,0,44.5,0.0468450163675358,0,0,0
0,24.0,62.8,0,22.96,0.2296034352109118,0,0,0
0,36.0,1.63,0,12.41,0.1241176470588235,0,0,0
0,30.0,95.72,0,101.66,0.7212650700553926,0,0,0
0,24.0,97.0,0,74.74,0.7473716855326408,0,0,0
0,24.0,86.2,0,82.54,0.7279177881086372,0,0,0
0,18.0,88.12,0,40.32,0.4031877921144089,0,0,0
0,24.0,76.1,0,61.4,0.9028209548401988,0,0,0
0,27.0,100.0,0,0.0,0.0,0,0,0
0,24.0,2.25,0,8.07,0.0807007486117684,0,0,0
0,28.0,18.75,0,10.0,0.1,0,0,0
0,24.0,97.9,0,87.11,0.8710999054522535,0,0,0
0,42.0,65.4,0,60.06,0.8422789380965319,0,0,0
0,24.0,33.55,0,0.0,0.0,0,0,0
0,95.0,100.0,0,75.6,0.7559663328361389,0,0,0
0,140.0,64.0,0,57.87,0.5787082620658883,0,0,0
0,92.0,18.5,0,13.0,0.1300140890217448,0,0,0
0,24.0,98.12,0,88.12,0.8664504556737269,0,0,0
0,95.0,12.98,0,8.51,0.0851063829787234,0,0,0
0,24.0,27.8,0,25.89,0.5059980534618954,0,0,0
0,24.0,62.79,0,56.89,0.2678603852116709,0,0,0
0,32.0,90.3,0,74.31,0.9871001401898934,0,0,0
0,60.0,22.31,0,19.51,0.1951332856705137,0,0,0
0,18.0,100.0,0,98.71,1.0395332187857962,0,0,0
0,24.0,1.5,0,1.2,0.0120133995610488,0,0,0
0,52.0,32.5,0,41.37,0.4137074401008827,0,0,0
0,23.0,90.39,0,85.36,0.8536259541984733,0,0,0
0,0.0,0.0,0,39.08,0.3907692307692307,0,0,0
0,24.0,85.0,0,43.54,0.4353810610699771,0,0,0
0,161.0,80.0,0,93.03,0.9302914226894584,0,0,0
0,24.0,77.76,0,66.1,0.7002883914167642,0,0,0
0,43.0,0.0,0,10.51,0.1051240715043669,0,0,0
0,24.0,90.06,0,50.76,0.5075524749885568,0,0,0
0,24.0,97.4,0,108.51,1.044322134149365,0,0,0
0,24.0,76.32,0,39.11,0.391136945591836,0,0,0
0,51.0,40.3,0,28.89,0.3941842750215274,0,0,0
0,18.0,23.0,0,9.77,0.097682226095939,0,0,0
0,24.0,85.2,0,62.33,0.623335250652626,0,0,0
0,192.0,86.31,0,65.15,0.6514949383975516,0,0,0
0,36.0,79.13,0,82.54,0.8009201086295651,0,0,0
0,18.0,100.0,0,90.4,0.983927927927928,0,0,0
0,30.0,100.0,0,49.09,0.7222933775333384,0,0,0
0,18.0,100.0,0,74.24,1.0822842941271813,0,0,0
0,16.0,100.0,0,100.0,0.0,0,0,0
0,18.0,48.5,0,1.3,0.0130086832555728,0,0,0
0,12.0,99.0,0,0.0,0.0,0,0,0
0,34.0,100.0,0,100.0,0.0,0,0,0
0,0.0,0.0,0,47.69,0.4769230769230769,0,0,0
0,30.0,64.48,0,50.04,0.5004269112182781,0,0,0
0,18.0,100.0,0,44.54,0.4454430008791638,0,0,0
0,24.0,0.0,0,0.0,0.0,0,0,0
0,23.0,73.96,0,64.1,0.5110929603348817,0,0,0
0,47.0,83.19,0,49.07,0.4906733533117241,0,0,0
0,119.0,86.0,0,72.94,1.8872293265132136,0,0,0
0,24.0,99.46,0,61.72,0.61721131504338,0,0,0
0,68.0,83.46,0,85.86,0.8585939519773614,0,0,0
0,23.0,96.09,0,84.63,0.6803488613552987,0,0,0
0,51.0,81.0,0,67.02,0.6701882995544057,0,0,0
0,24.0,49.31,0,50.0,0.5,0,0,0
0,24.0,98.06,0,93.88,0.938717286307986,0,0,0
0,24.0,100.0,0,95.26,0.8333195525579088,0,0,0
0,24.0,25.18,0,10.76,0.1076183492218691,0,0,0
0,40.0,100.0,0,93.9,0.0,0,0,0
0,72.0,77.0,0,76.53,0.765436013590034,0,0,0
0,24.0,56.11,0,46.61,0.4661216789812922,0,0,0
0,30.0,100.0,0,47.75,0.2436787564766839,0,0,0
0,104.0,25.0,0,11.44,0.1144096170970614,0,0,0
0,30.0,61.1,0,47.91,0.253511212784444,0,0,0
0,18.0,28.12,0,78.19,0.781854569713142,0,0,0
0,24.0,98.02,0,53.39,0.851131897755692,0,0,0
0,44.0,78.0,0,61.14,1.4464,0,0,0
0,18.0,50.25,0,29.92,0.2992188453557915,0,0,0
0,23.0,53.56,0,23.67,0.2366730050488492,0,0,0
0,59.0,3.8,0,0.0,0.0,0,0,0
0,0.0,0.0,0,60.0,0.6,0,0,0
0,61.0,99.0,0,111.51,1.966552641581148,0,0,0
0,42.0,75.33,0,21.28,0.212768502128881,0,0,0
0,20.0,45.62,0,20.65,0.2064943167946179,0,0,0
0,37.0,74.8,0,64.01,0.6401378122308354,0,0,0
0,63.0,17.78,0,5.7,0.0569900347034289,0,0,0
0,66.0,16.06,0,10.65,0.1065153010858835,0,0,0
0,24.0,100.0,0,8.16,0.0816068216641129,0,0,0
0,24.0,81.33,0,70.53,0.5308771083045075,0,0,0
0,36.0,96.86,0,95.56,0.8792745931887674,0,0,0
0,34.0,90.5,0,114.34,3.3232421875,0,0,0
0,18.0,17.05,0,14.03,0.1366557110676169,0,0,0
0,24.0,90.01,0,49.69,0.680156172305199,0,0,0
0,189.0,82.0,0,88.5,0.8850429975429975,0,0,0
0,24.0,99.18,0,63.93,0.7126677671714635,0,0,0
0,24.0,0.0,0,0.0,0.0,0,0,0
0,17.0,98.55,0,30.13,0.3013475195101754,0,0,0
0,36.0,26.58,0,0.0,0.0,0,0,0
0,18.0,100.0,0,0.0,0.0,0,0,0
0,36.0,96.61,0,76.56,0.7655830467103073,0,0,0
0,30.0,49.0,0,41.35,0.4470777645760245,0,0,0
0,104.0,96.15,0,63.2,0.6320050490761496,0,0,0
0,29.0,41.0,0,10.78,0.1077667736897752,0,0,0
0,-11.0,100.0,0,78.54,0.9832557715119992,0,0,0
0,24.0,38.26,0,45.0,0.4499999999999999,0,0,0
0,24.0,100.0,0,100.0,0.0,0,0,0
0,58.0,0.0,0,0.0,0.0,0,0,0
0,18.0,92.47,0,92.0,0.92,0,0,0
0,24.0,14.69,0,5.86,0.058630298362067,0,0,0
0,18.0,100.0,0,100.0,1.0,0,0,0
0,27.0,86.65,0,65.32,0.8306182499630134,0,0,0
0,24.0,63.52,0,50.22,0.5021677849029854,0,0,0
0,24.0,46.8,0,11.3,0.1130155275435043,0,0,0
0,24.0,100.0,0,52.2,0.5219512195121951,0,0,0
0,18.0,92.0,0,21.39,0.2139183440218426,0,0,0
0,109.0,32.99,0,23.01,0.230070418749664,0,0,0
0,24.0,79.39,0,82.0,0.82,0,0,0
0,24.0,94.24,0,52.29,0.5229156528154975,0,0,0
0,41.0,63.0,0,61.7,0.6169777982638088,0,0,0
0,125.0,23.75,0,0.97,0.0096867319018689,0,0,0
0,24.0,77.28,0,57.29,0.6434431455897981,0,0,0
0,23.0,33.85,0,69.9,0.8309425917466119,0,0,0
0,98.0,65.0,0,40.78,0.4077836411609499,0,0,0
0,272.0,99.0,0,101.42,1.2750924494977371,0,0,0
0,309.0,93.0,0,77.55,1.2724894514767933,0,0,0
0,77.0,59.0,0,48.95,0.4894902912621359,0,0,0
0,52.0,72.9,0,69.93,0.8933309902469027,0,0,0
0,18.0,50.33,0,1.93,0.0193239755775162,0,0,0
0,30.0,40.0,0,53.68,1.084,0,0,0
0,24.0,0.0,0,0.0,0.0,0,0,0
0,36.0,98.0,0,50.74,0.7293688939151195,0,0,0
0,67.0,32.21,0,48.7,0.4869922266800401,0,0,0
0,18.0,100.0,0,93.82,0.2181528239202657,0,0,0
0,24.0,70.6,0,40.97,0.4392173155095025,0,0,0
0,30.0,3.89,0,1.5,0.0149966567962556,0,0,0
0,24.0,100.0,0,98.39,0.4670400478840034,0,0,0
0,28.0,5.0,0,1.79,0.0178947368421052,0,0,0
0,27.0,86.5,0,56.37,0.6818023746832927,0,0,0
0,48.0,87.0,0,80.64,1.6505895196506548,0,0,0
0,30.0,3.0,0,7.0,0.0699981634527089,0,0,0
0,203.0,64.0,0,148.02,1.4802290076335878,0,0,0
0,33.0,99.2,0,83.25,1.0912521789827696,0,0,0
0,24.0,12.0,0,0.11,0.0011484742581226,0,0,0
0,99.0,94.8,0,135.29,1.6010905587668594,0,0,0
0,49.0,31.53,0,31.15,0.3114594258927591,0,0,0
0,30.0,59.78,0,50.53,0.5053335599388166,0,0,0
0,24.0,73.45,0,83.5,0.8350015285845307,0,0,0
0,15.0,70.14,0,42.32,0.4231837951030928,0,0,0
0,0.0,0.0,0,19.27,0.1927235122684967,0,0,0
0,30.0,42.91,0,60.1,0.6009992611097429,0,0,0
0,58.0,0.3,0,4.69,0.0469124877702235,0,0,0
0,24.0,33.3,0,33.0,0.33,0,0,0
0,18.0,0.0,0,39.67,0.3967459193870752,0,0,0
0,23.0,94.5,0,0.0,0.0,0,0,0
0,53.0,56.8,0,25.38,0.5523718560967844,0,0,0
0,99.0,100.0,0,126.11,0.0,0,0,0
0,36.0,0.0,0,0.16,0.0015770688653404,0,0,0
0,218.0,57.0,0,48.92,9.887298002499616,0,0,0
0,41.0,11.87,0,18.72,0.1872018796620005,0,0,0
0,41.0,27.66,0,18.76,0.1875841311313974,0,0,0
0,30.0,100.0,0,63.45,0.8587934802909538,0,0,0
0,71.0,16.79,0,20.01,0.2001447327612943,0,0,0
0,35.0,5.65,0,2.21,0.0220542642433443,0,0,0
0,24.0,95.23,0,103.14,1.0703380588876772,0,0,0
0,36.0,0.0,0,0.0,9.532676426008951e-06,0,0,0
0,24.0,99.5,0,96.27,0.7300258819557757,0,0,0
0,36.0,51.37,0,34.63,0.3462646282756259,0,0,0
0,36.0,96.0,0,84.3,0.8430025773195875,0,0,0
0,24.0,77.21,0,39.55,0.3537380024372804,0,0,0
0,24.0,90.36,0,56.9,0.5689638884296544,0,0,0
0,24.0,66.74,0,35.13,0.3513130712948313,0,0,0
0,30.0,3.23,0,0.0,0.0,0,0,0
0,48.0,14.0,0,23.29,0.0730261348005502,0,0,0
0,24.0,44.46,0,0.0,0.0,0,0,0
0,24.0,90.0,0,10.99,0.1099396454168238,0,0,0
0,24.0,100.0,0,72.25,1.433087762380869,0,0,0
0,30.0,20.4,0,4.9,0.0497425211811898,0,0,0
0,48.0,5.36,0,12.85,0.1284675468906225,0,0,0
0,6.0,96.79,0,0.0,0.0,0,0,0
0,18.0,97.6,0,94.43,0.9442754245000908,0,0,0
0,18.0,87.03,0,33.43,0.4808186074611086,0,0,0
0,24.0,98.32,0,45.28,0.3875477615566402,0,0,0
0,23.0,58.7,0,45.95,0.4163865310810432,0,0,0
0,36.0,100.0,0,77.5,0.774966743553131,0,0,0
0,44.0,100.0,0,130.13,0.0,0,0,0
0,18.0,22.79,0,33.0,0.2760121457489878,0,0,0
0,24.0,55.53,0,42.51,0.4153783846331867,0,0,0
0,36.0,0.0,0,0.02,0.0001922060448801,0,0,0
0,33.0,0.0,0,0.02,0.0002388434946574,0,0,0
0,24.0,42.0,0,0.0,0.0,0,0,0
0,24.0,36.5,0,50.32,0.4756721682068886,0,0,0
0,30.0,99.95,0,94.75,0.9475416570116492,0,0,0
0,21.0,12.98,0,30.16,0.4264907210222087,0,0,0
0,64.0,15.0,0,11.43,0.1142730733271003,0,0,0
0,23.0,95.5,0,22.08,0.2351275976109383,0,0,0
0,18.0,17.0,0,0.0,0.0,0,0,0
0,167.0,92.0,0,75.61,3.373454518140164,0,0,0
0,24.0,70.01,0,35.35,0.1725400234283483,0,0,0
0,24.0,100.0,0,0.0,0.0,0,0,0
0,24.0,96.98,0,88.57,0.873010112008388,0,0,0
0,56.0,95.15,0,73.46,0.9133191489361704,0,0,0
0,74.0,20.02,0,20.79,0.2079019471047123,0,0,0
0,30.0,9.95,0,8.47,0.0524836700592435,0,0,0
0,30.0,39.5,0,16.06,0.125349745979151,0,0,0
0,254.0,49.0,0,42.98,0.9257,0,0,0
0,24.0,2.0,0,0.0,0.0,0,0,0
0,18.0,1.5,0,1.5,0.014989974079327,0,0,0
0,35.0,80.5,0,83.89,0.8388648648648649,0,0,0
0,18.0,86.87,0,74.26,0.742592711613857,0,0,0
0,23.0,91.3,0,69.96,0.737319902645277,0,0,0
0,30.0,95.98,0,97.96,0.8623239663044178,0,0,0
0,24.0,36.67,0,0.01,6.147253056062948e-05,0,0,0
0,17.0,88.3,0,24.08,0.2069883663771915,0,0,0
0,24.0,65.92,0,38.58,0.3190688873732151,0,0,0
0,43.0,100.0,0,0.0,0.0,0,0,0
0,84.0,95.0,0,60.41,0.3980573046322058,0,0,0
0,18.0,98.2,0,54.04,0.6672085793331622,0,0,0
0,18.0,99.02,0,89.62,0.9973052099274736,0,0,0
0,18.0,60.14,0,0.0,0.0,0,0,0
0,97.0,43.69,0,36.9,0.3689764566365076,0,0,0
0,61.0,0.4,0,0.1,0.0009676856449386,0,0,0
0,24.0,100.0,0,71.0,0.7563737772681587,0,0,0
0,30.0,18.13,0,15.49,0.1548575421931143,0,0,0
0,18.0,81.18,0,22.31,0.2231034777895067,0,0,0
0,0.0,0.0,0,0.0,0.0,0,0,0
0,109.0,0.0,0,0.0,0.0,0,0,0
0,50.0,21.29,0,36.3,0.3629544444734847,0,0,0
0,24.0,90.5,0,87.34,0.6800062898026573,0,0,0
0,24.0,24.2,0,35.41,0.4499614125106898,0,0,0
0,24.0,63.79,0,42.47,0.3827248134149382,0,0,0
0,0.0,177.0,0,0.0,0.0,0,0,0
0,208.0,58.0,0,93.05,1.0340078037904126,0,0,0
0,54.0,10.0,0,2.94,0.0294019999999999,0,0,0
0,55.0,66.0,0,63.63,0.6363074068346992,0,0,0
0,30.0,87.0,0,35.87,0.3925709542508699,0,0,0
0,31.0,100.0,0,75.22,1.191310398710843,0,0,0
0,19.0,10.0,0,14.07,0.3082824814997016,0,0,0
0,24.0,100.0,0,95.58,0.9636383266470434,0,0,0
0,159.0,0.05,0,0.0,0.0,0,0,0
0,60.0,98.0,0,94.69,1.2570858882552207,0,0,0
0,24.0,100.0,0,90.41,0.4789406385616863,0,0,0
0,30.0,81.35,0,52.62,0.429664283652295,0,0,0
0,42.0,100.0,0,17.64,0.218452852614897,0,0,0
0,24.0,15.58,0,19.82,0.1799288564724169,0,0,0
0,23.0,88.0,0,67.3,0.673015873015873,0,0,0
0,48.0,1.0,0,3.52,0.0352320230970497,0,0,0
0,24.0,72.0,0,0.0,0.0,0,0,0
0,17.0,43.46,0,0.0,0.0,0,0,0
0,51.0,83.42,0,57.3,0.6453855320651454,0,0,0
0,24.0,82.75,0,68.27,0.5455504725873594,0,0,0
0,62.0,2.7,0,5.09,0.0508669481627886,0,0,0
0,37.0,100.0,0,225.85,0.0,0,0,0
0,24.0,98.7,0,66.12,0.8658560389468729,0,0,0
0,30.0,62.15,0,36.56,0.2734483250178189,0,0,0
0,24.0,15.06,0,11.04,0.1104410696808006,0,0,0
0,48.0,73.78,0,79.55,0.7955198641623928,0,0,0
0,24.0,29.01,0,31.5,0.326209864879051,0,0,0
0,155.0,90.2,0,86.05,0.8605059523809523,0,0,0
0,30.0,86.19,0,101.96,1.0835756129312215,0,0,0
0,48.0,100.0,0,125.85,0.0,0,0,0
0,17.0,38.56,0,26.63,0.2662647575985933,0,0,0
0,23.0,96.19,0,0.0,0.0,0,0,0
0,23.0,100.0,0,96.71,0.967144840351689,0,0,0
0,24.0,93.04,0,53.59,0.5358514435458365,0,0,0
0,21.0,85.0,0,80.63,0.9430758113257128,0,0,0
0,18.0,48.01,0,33.19,0.3319286197388273,0,0,0
0,18.0,100.0,0,41.9,0.4190241022062376,0,0,0
0,51.0,34.0,0,14.38,0.1437685525674538,0,0,0
0,24.0,54.56,0,25.32,0.2216942262264461,0,0,0
0,18.0,100.0,0,0.0,0.0,0,0,0
0,71.0,68.8,0,52.5,0.5249908572721038,0,0,0
0,29.0,96.0,0,49.66,0.610206400302973,0,0,0
0,24.0,80.9,0,80.6,0.7981622117243716,0,0,0
0,30.0,100.0,0,99.24,1.535670958400188,0,0,0
0,24.0,39.1,0,28.95,0.2164121249709279,0,0,0
0,39.0,96.0,0,24.7,0.2470252870618003,0,0,0
0,93.0,90.0,0,93.26,1.395467404674047,0,0,0
0,24.0,31.46,0,18.52,0.1170977877421791,0,0,0
0,30.0,6.32,0,0.0,0.0,0,0,0
0,18.0,56.0,0,24.93,0.2492776668153347,0,0,0
0,30.0,81.5,0,39.17,0.4954893203024808,0,0,0
0,24.0,71.1,0,46.75,0.4675207862580348,0,0,0
0,24.0,24.55,0,14.03,0.0902389360002061,0,0,0
0,7.0,87.0,0,88.84,0.9752648280725422,0,0,0
0,24.0,95.62,0,56.13,0.6283962423356021,0,0,0
0,23.0,95.0,0,0.0,0.0,0,0,0
0,24.0,80.06,0,0.01,0.0001688199485595,0,0,0
0,30.0,35.0,0,0.0,0.0,0,0,0
0,24.0,100.0,0,73.43,0.793195630834778,0,0,0
0,24.0,72.39,0,60.0,0.6,0,0,0
0,29.0,90.0,0,89.32,0.8934518422753718,0,0,0
0,24.0,83.06,0,61.42,0.6147118224461431,0,0,0
0,41.0,0.0,0,36.97,0.3697115384615385,0,0,0
0,30.0,99.51,0,57.65,0.5603075220206304,0,0,0
0,58.0,79.87,0,53.02,1.1455148342059336,0,0,0
0,18.0,21.75,0,9.11,0.0907997548348797,0,0,0
0,176.0,98.3,0,89.59,1.5721295387634937,0,0,0
0,24.0,94.9,0,59.31,0.6299168561947728,0,0,0
0,30.0,97.76,0,93.37,0.9337336001778964,0,0,0
0,24.0,0.0,0,15.58,0.1558234687822094,0,0,0
0,24.0,87.65,0,44.83,0.3920191907463798,0,0,0
0,24.0,100.0,0,131.85,0.0,0,0,0
0,30.0,90.73,0,37.81,0.4216273973595089,0,0,0
0,47.0,100.0,0,0.0,0.0,0,0,0
0,24.0,36.0,0,0.0,0.0,0,0,0
0,24.0,57.62,0,23.01,0.2355790625569943,0,0,0
0,60.0,1.0,0,0.02,0.0001574781892707,0,0,0
0,47.0,19.0,0,19.96,0.1996278729784282,0,0,0
0,24.0,52.28,0,60.48,0.6047681695349169,0,0,0
0,138.0,2.0,0,5.97,0.0597350993377483,0,0,0
0,30.0,74.3,0,56.4,0.5639955068562831,0,0,0
0,32.0,5.0,0,1.25,0.0125,0,0,0
0,24.0,95.95,0,92.0,0.92,0,0,0
0,24.0,95.0,0,75.39,0.6585844062479577,0,0,0
0,47.0,100.0,0,100.0,0.0,0,0,0
0,42.0,3.93,0,12.62,0.1262140808212973,0,0,0
0,24.0,24.8,0,22.45,0.2249698589241071,0,0,0
0,58.0,33.5,0,33.98,0.3523586606567933,0,0,0
0,118.0,5.8,0,5.0,0.050047581130683,0,0,0
0,41.0,0.0,0,0.13,0.0013230065323447,0,0,0
0,24.0,0.0,0,0.02,0.0002234699293276,0,0,0
0,63.0,34.66,0,25.29,0.4406982570347789,0,0,0
0,22.0,98.0,0,95.66,0.956607574536664,0,0,0
0,35.0,23.24,0,15.46,0.1361960529169377,0,0,0
0,30.0,88.0,0,0.0,0.0,0,0,0
0,30.0,97.35,0,99.41,1.1646716981895282,0,0,0
0,105.0,55.73,0,54.86,0.5486196755526042,0,0,0
0,30.0,100.0,0,85.49,0.217974363698576,0,0,0
0,139.0,45.78,0,72.99,0.7299008634473937,0,0,0
0,18.0,22.0,0,4.77,0.0477448390568437,0,0,0
0,53.0,85.0,0,60.4,1.4049328253458992,0,0,0
0,24.0,53.8,0,39.43,0.3204349396140111,0,0,0
0,24.0,50.0,0,0.0,0.0,0,0,0
0,292.0,86.0,0,88.64,1.4836774406332454,0,0,0
0,77.0,2.19,0,19.24,0.1923765103234755,0,0,0
0,40.0,98.56,0,46.78,0.3219644488161315,0,0,0
0,64.0,23.75,0,18.76,0.187560882733214,0,0,0
0,12.0,9.17,0,55.09,0.5509113411341134,0,0,0
0,29.0,100.0,0,97.56,1.2993853291790844,0,0,0
0,24.0,39.54,0,37.49,0.8027525805442602,0,0,0
0,48.0,22.05,0,21.91,0.1166920175660275,0,0,0
0,111.0,45.0,0,43.89,1.0084841662914603,0,0,0
0,24.0,98.6,0,111.63,1.1517676654238354,0,0,0
0,18.0,54.0,0,16.6,0.1659711584174106,0,0,0
0,24.0,68.8,0,42.87,0.4716779059530401,0,0,0
0,24.0,10.97,0,26.16,0.3521336351441985,0,0,0
0,20.0,76.9,0,57.5,0.5750243902439024,0,0,0
0,30.0,26.84,0,15.05,0.1146962743251097,0,0,0
0,24.0,99.75,0,77.91,0.7663829228399851,0,0,0
0,33.0,95.8,0,67.24,1.2552734778121777,0,0,0
0,141.0,2.0,0,42.93,1.096747404844291,0,0,0
0,79.0,0.0,0,0.0,0.0,0,0,0
0,24.0,36.0,0,19.05,0.1905018565097616,0,0,0
0,6.0,100.0,0,42.52,0.4252387548297733,0,0,0
0,24.0,92.0,0,59.31,0.5280020771128132,0,0,0
0,21.0,22.0,0,33.06,0.4343518211004096,0,0,0
0,30.0,58.0,0,0.09,0.0012317925661318,0,0,0
0,18.0,43.52,0,28.26,0.2780602823783415,0,0,0
0,24.0,62.5,0,56.04,0.5604301075268817,0,0,0
0,18.0,0.0,0,0.0,0.0,0,0,0
0,120.0,11.0,0,1.29,0.0129333333333333,0,0,0
0,47.0,93.7,0,73.6,0.9860703928497854,0,0,0
0,100.0,100.0,0,0.0,0.0,0,0,0
0,36.0,1.7,0,6.57,0.0656882855068479,0,0,0
0,24.0,81.85,0,77.58,0.6265958330935988,0,0,0
0,30.0,9.07,0,0.05,0.0004996237772761,0,0,0
0,39.0,20.0,0,16.92,0.1691620786894051,0,0,0
0,24.0,0.0,0,0.6,0.0060056804631095,0,0,0
0,50.0,60.0,0,64.44,1.165979797979798,0,0,0
0,64.0,31.52,0,17.32,0.1731853001721054,0,0,0
0,200.0,51.0,0,49.21,1.0545460186142708,0,0,0
0,17.0,88.22,0,96.75,0.8473464114507191,0,0,0
0,18.0,90.33,0,60.4,0.6040316516882093,0,0,0
0,44.0,25.0,0,48.21,0.4820683949255377,0,0,0
0,36.0,7.65,0,10.02,0.1002396166134185,0,0,0
0,48.0,62.7,0,64.81,0.6481055694816609,0,0,0
0,24.0,46.38,0,0.0,0.0,0,0,0
0,24.0,35.47,0,33.36,0.2429585344800025,0,0,0
0,24.0,94.89,0,88.86,0.9758479452982196,0,0,0
0,48.0,52.6,0,47.07,0.4706952613422444,0,0,0
0,67.0,2.6,0,12.54,0.1253807088808122,0,0,0
0,23.0,98.6,0,90.13,0.9013441237154703,0,0,0
0,45.0,100.0,0,38.32,0.3832365499573014,0,0,0
0,24.0,99.24,0,96.89,0.9765017259608316,0,0,0
0,17.0,60.2,0,42.35,0.3960362400906002,0,0,0
0,33.0,94.0,0,72.25,0.993375,0,0,0
0,26.0,12.0,0,59.19,0.9271917100608388,0,0,0
0,118.0,71.0,0,79.48,0.940393762183236,0,0,0
0,45.0,70.9,0,41.97,0.5612893209448969,0,0,0
0,55.0,100.0,0,108.04,0.0,0,0,0
0,45.0,60.1,0,33.9,0.3266145833333333,0,0,0
0,85.0,40.63,0,96.25,0.962473264631538,0,0,0
0,24.0,25.55,0,45.47,0.4574472873650434,0,0,0
0,24.0,81.42,0,28.79,0.2879470602320468,0,0,0
0,47.0,88.2,0,75.64,0.7563950350782515,0,0,0
0,66.0,93.2,0,90.02,1.0919524833789598,0,0,0
0,18.0,95.73,0,96.75,0.9674874923000646,0,0,0
0,150.0,0.6,0,0.83,0.008271375464684,0,0,0
0,52.0,94.0,0,90.74,0.9075919335705812,0,0,0
0,98.0,100.0,0,0.0,0.0,0,0,0
0,24.0,99.2,0,72.48,0.8999819286319973,0,0,0
0,23.0,59.18,0,53.18,0.3632417724799171,0,0,0
0,23.0,38.97,0,39.87,0.1809236274180923,0,0,0
0,36.0,50.0,0,20.64,0.41284,0,0,0
0,0.0,495.0,0,0.0,0.0,0,0,0
0,42.0,44.5,0,22.21,0.2220655737704918,0,0,0
0,24.0,70.2,0,40.03,0.3357866424012097,0,0,0
0,28.0,7.0,0,30.27,0.3027362313040868,0,0,0
0,19.0,100.0,0,44.5,0.4450480568324279,0,0,0
0,24.0,36.25,0,48.61,0.5153371590994735,0,0,0
0,24.0,56.0,0,13.92,0.1464304779335664,0,0,0
0,24.0,100.0,0,78.61,0.7996809783331119,0,0,0
0,6.0,94.73,0,142.84,1.4284075839575645,0,0,0
0,24.0,100.0,0,0.01,5.7334518246710435e-05,0,0,0
0,24.0,100.0,0,84.08,0.7021927716937707,0,0,0
0,115.0,80.77,0,77.58,0.7758359916400837,0,0,0
0,46.0,45.2,0,21.15,0.2300448430493273,0,0,0
0,18.0,90.69,0,43.29,0.4329382673942701,0,0,0
0,30.0,19.91,0,15.33,0.0986376259505358,0,0,0
0,51.0,96.9,0,97.59,0.9758908620486888,0,0,0
0,24.0,90.53,0,50.3,0.5408598280897476,0,0,0
0,30.0,97.69,0,64.8,0.6229048617617752,0,0,0
0,18.0,100.0,0,87.79,0.906952380952381,0,0,0
0,168.0,75.0,0,85.57,1.3520941968040372,0,0,0
0,17.0,100.0,0,81.46,0.8146359158425294,0,0,0
0,41.0,54.16,0,45.77,0.4577137528488127,0,0,0
0,30.0,83.7,0,56.79,0.7442532969866646,0,0,0
0,30.0,85.67,0,0.0,0.0,0,0,0
0,24.0,35.0,0,0.0,0.0,0,0,0
0,24.0,99.2,0,52.8,0.5279537024560109,0,0,0
0,89.0,67.5,0,73.56,0.7356239138226005,0,0,0
0,30.0,100.0,0,0.0,0.0,0,0,0
0,87.0,95.0,0,113.52,1.1352272354926438,0,0,0
0,23.0,49.85,0,25.8,0.2314830963549076,0,0,0
0,24.0,91.9,0,48.88,0.4888161295881441,0,0,0
0,50.0,100.0,0,107.34,0.0,0,0,0
0,18.0,100.0,0,41.8,0.4179595937046545,0,0,0
0,23.0,88.96,0,63.25,0.632490909907079,0,0,0
0,24.0,76.0,0,63.26,0.774528128298744,0,0,0
0,34.0,100.0,0,99.98,0.0,0,0,0
0,24.0,100.0,0,126.96,0.0,0,0,0
0,49.0,18.5,0,17.13,0.1712843808190907,0,0,0
0,36.0,72.0,0,73.11,0.7311106913486967,0,0,0
0,18.0,54.79,0,32.68,0.3213823968175037,0,0,0
0,135.0,58.2,0,42.56,0.4255605864596808,0,0,0
0,38.0,98.6,0,74.68,0.865328271891162,0,0,0
0,58.0,11.5,0,11.39,0.1139469822948254,0,0,0
0,24.0,44.94,0,38.79,0.3878756476683938,0,0,0
0,24.0,11.86,0,36.07,0.3607023875624653,0,0,0
0,50.0,83.9,0,89.18,1.712410767243954,0,0,0
0,18.0,96.73,0,89.14,0.7701302979284093,0,0,0
0,24.0,92.5,0,93.96,0.8337409777476065,0,0,0
0,341.0,100.0,0,140.63,0.0,0,0,0
0,24.0,81.57,0,68.94,0.6243288438485327,0,0,0
0,24.0,86.11,0,69.95,0.6995714763977234,0,0,0
0,42.0,100.0,0,57.38,0.9236255889787472,0,0,0
0,28.0,0.0,0,0.0,0.0,0,0,0
0,24.0,94.81,0,58.28,0.7926212148157729,0,0,0
0,75.0,38.0,0,31.67,0.3629142441860465,0,0,0
0,23.0,87.05,0,46.92,0.5938720044865295,0,0,0
0,24.0,98.75,0,72.42,0.942484012251454,0,0,0
0,95.0,83.36,0,71.52,1.0719416498993963,0,0,0
0,18.0,46.77,0,50.56,0.5056335244119391,0,0,0
0,186.0,75.0,0,37.9,3.046363773584906,0,0,0
0,74.0,69.33,0,68.67,0.6867127361791463,0,0,0
0,60.0,50.05,0,38.89,0.3889106276705345,0,0,0
0,39.0,55.4,0,49.65,0.4964970999729747,0,0,0
0,72.0,80.0,0,99.4,0.9939915031357476,0,0,0
0,35.0,91.63,0,75.65,0.74194902696829,0,0,0
0,30.0,44.64,0,44.56,0.3259431873452824,0,0,0
0,30.0,100.0,0,0.0,0.0,0,0,0
0,24.0,10.11,0,15.33,0.152255145894594,0,0,0
0,30.0,35.0,0,15.09,0.150876381630671,0,0,0
0,24.0,0.0,0,0.0,0.0,0,0,0
0,34.0,100.0,0,100.0,1.0087858706407988,0,0,0
0,60.0,33.5,0,14.08,0.1407521848410081,0,0,0
0,36.0,18.9,0,21.93,0.2193300397081909,0,0,0
0,77.0,100.0,0,0.0,0.0,0,0,0
0,86.0,94.0,0,67.4,0.6740418410041841,0,0,0
0,24.0,47.28,0,41.0,0.41,0,0,0
0,36.0,0.0,0,0.0,0.0,0,0,0
0,24.0,81.54,0,82.45,1.012391170220059,0,0,0
0,24.0,16.52,0,0.0,0.0,0,0,0
0,18.0,86.05,0,70.43,0.7042596138916205,0,0,0
0,24.0,90.12,0,65.12,0.0886768409626251,0,0,0
0,18.0,39.0,0,0.08,0.0007674287099119,0,0,0
0,30.0,23.0,0,36.49,0.364937976644939,0,0,0
0,18.0,91.01,0,82.24,0.8223931130416524,0,0,0
0,24.0,5.63,0,17.91,0.1771717734918181,0,0,0
0,24.0,60.7,0,45.93,0.4593052448988907,0,0,0
0,24.0,76.97,0,42.61,0.3807441684767211,0,0,0
0,78.0,0.0,0,1.34,0.0134469223009209,0,0,0
0,77.0,19.02,0,24.57,0.2456505534380669,0,0,0
0,24.0,71.27,0,28.21,0.2821228553649213,0,0,0
0,18.0,61.34,0,66.77,0.6677063922871262,0,0,0
0,58.0,67.58,0,58.76,0.5876447876447877,0,0,0
0,82.0,100.0,0,105.71,0.0,0,0,0
0,18.0,2.0,0,1.32,0.0131769153786278,0,0,0
0,18.0,89.98,0,81.41,0.31199883364922,0,0,0
0,30.0,89.81,0,24.22,0.2472155122987414,0,0,0
0,12.0,93.1,0,83.38,0.8338116224249258,0,0,0
0,52.0,7.2,0,0.69,0.0068692206076618,0,0,0
0,30.0,0.0,0,6.94,0.0694283969752477,0,0,0
0,24.0,100.0,0,78.99,0.9797748031726948,0,0,0
0,24.0,7.0,0,0.0,0.0,0,0,0
0,24.0,20.23,0,17.33,0.1742419839194033,0,0,0
0,64.0,90.0,0,84.72,0.9232854904106864,0,0,0
0,24.0,81.98,0,61.84,0.6589977009945513,0,0,0
0,24.0,78.0,0,40.76,0.4207547693246654,0,0,0
0,24.0,100.0,0,63.19,0.757528252883783,0,0,0
0,18.0,20.0,0,6.55,0.06553412035704,0,0,0
0,24.0,12.0,0,6.77,0.0677368458034967,0,0,0
0,30.0,41.7,0,11.43,0.1143038136859937,0,0,0
0,36.0,0.0,0,0.0,0.0,0,0,0
0,24.0,50.8,0,45.43,0.4700430298933956,0,0,0
0,24.0,97.4,0,68.52,0.8143830713122101,0,0,0
0,24.0,55.0,0,22.48,0.1858570646221248,0,0,0
0,18.0,67.16,0,0.0,0.0,0,0,0
0,24.0,0.0,0,14.1,0.1410361399047475,0,0,0
0,38.0,88.0,0,100.0,0.9999816666666668,0,0,0
0,18.0,95.29,0,2.54,0.0254412606188652,0,0,0
0,49.0,86.0,0,69.76,0.6975928907730876,0,0,0
0,24.0,98.6,0,66.82,0.9002195277737522,0,0,0
0,36.0,88.0,0,80.09,1.0678124999999998,0,0,0
0,24.0,79.03,0,45.49,0.4548737576393604,0,0,0
0,33.0,100.0,0,0.0,0.0,0,0,0
0,24.0,5.01,0,6.14,0.0614026987406646,0,0,0
0,24.0,100.0,0,60.28,0.6203453250383193,0,0,0
0,24.0,98.85,0,104.94,0.6304791283148415,0,0,0
0,24.0,53.5,0,23.24,0.2324063446406593,0,0,0
0,60.0,10.04,0,0.83,0.0082925549790575,0,0,0
0,30.0,100.0,0,96.95,0.0,0,0,0
0,18.0,98.5,0,103.68,0.7110353691471708,0,0,0
0,38.0,20.0,0,10.38,0.4029411764705882,0,0,0
0,23.0,98.12,0,76.16,0.7615997500390563,0,0,0
0,24.0,92.02,0,42.19,0.4594356261022927,0,0,0
0,30.0,99.19,0,90.32,1.272635111993972,0,0,0
0,24.0,99.91,0,66.25,0.8624316229928904,0,0,0
0,24.0,6.38,0,6.67,0.0666976351351351,0,0,0
0,26.0,82.05,0,73.17,1.1481018525366984,0,0,0
0,51.0,0.0,0,0.13,0.0012528522380739,0,0,0
0,24.0,100.0,0,81.33,0.8132608597996496,0,0,0
0,54.0,9.04,0,6.43,0.064331721119772,0,0,0
0,24.0,96.22,0,43.37,1.2164180311953918,0,0,0
0,30.0,29.1,0,21.8,0.218,0,0,0
0,55.0,33.0,0,32.39,0.3239004629629629,0,0,0
0,24.0,67.28,0,44.94,0.4494316383905751,0,0,0
0,27.0,70.0,0,41.67,0.4565308870560511,0,0,0
0,41.0,73.0,0,76.0,0.7599724092500614,0,0,0
0,63.0,99.0,0,89.11,0.9803783102143758,0,0,0
0,18.0,68.93,0,0.0,0.0,0,0,0
0,54.0,100.0,0,102.74,1.0274263904034897,0,0,0
0,18.0,64.78,0,79.3,0.7930274178538191,0,0,0
0,18.0,100.0,0,95.6,0.8886112424303821,0,0,0
0,24.0,95.77,0,0.0,0.0,0,0,0
0,57.0,100.0,0,87.21,0.0,0,0,0
0,66.0,93.33,0,93.31,0.9331287745957528,0,0,0
0,128.0,75.0,0,112.53,4.160597748983259,0,0,0
0,18.0,0.0,0,0.0,0.0,0,0,0
0,24.0,84.0,0,24.77,0.2477174235678242,0,0,0
0,24.0,79.07,0,30.51,0.3051209973111708,0,0,0
0,29.0,100.0,0,0.0,0.0,0,0,0
0,27.0,35.0,0,28.96,0.2896402877697842,0,0,0
0,26.0,94.57,0,71.25,0.7125200371214039,0,0,0
0,0.0,21.0,0,19.78,0.3976092451000652,0,0,0
0,6.0,5.1,0,3.19,0.0319058630682317,0,0,0
0,41.0,100.0,0,0.0,0.0,0,0,0
0,37.0,72.0,0,69.6,0.991737236336156,0,0,0
0,24.0,90.07,0,85.89,1.700108689088823,0,0,0
0,24.0,99.35,0,63.35,0.5228221226584028,0,0,0
0,24.0,99.7,0,78.42,1.0768333261311094,0,0,0
0,305.0,47.0,0,80.97,0.809743450767841,0,0,0
0,24.0,88.56,0,0.0,0.0,0,0,0
0,24.0,100.0,0,54.87,0.6901305596399988,0,0,0
0,195.0,18.0,0,43.85,0.4285773366418527,0,0,0
0,29.0,97.94,0,92.89,1.1243768693918246,0,0,0
0,18.0,13.0,0,8.98,0.0898416724624636,0,0,0
0,50.0,90.0,0,88.64,0.8864318181818182,0,0,0
0,25.0,30.0,0,17.37,0.1736750156783945,0,0,0
0,24.0,99.7,0,91.9,0.9867377754931568,0,0,0
0,24.0,47.9,0,45.54,0.4554001088731628,0,0,0
0,0.0,0.0,0,0.0,0.0,0,0,0
0,23.0,27.5,0,38.73,0.3872923652811355,0,0,0
0,110.0,0.0,0,0.0,0.0,0,0,0
0,18.0,38.52,0,33.82,0.3382343894186403,0,0,0
0,36.0,7.0,0,0.0,0.0,0,0,0
0,24.0,46.63,0,19.85,0.198482953015883,0,0,0
0,30.0,57.0,0,14.31,0.26,0,0,0
0,132.0,98.0,0,95.51,0.9550847150165076,0,0,0
0,59.0,76.0,0,75.25,0.7525452385152248,0,0,0
0,18.0,46.69,0,29.92,0.299201321949876,0,0,0
0,46.0,100.0,0,0.0,0.0,0,0,0
0,30.0,58.0,0,40.96,0.3093553771560289,0,0,0
0,91.0,100.0,0,281.71,0.0,0,0,0
0,28.0,0.0,0,0.0,0.0,0,0,0
0,24.0,89.37,0,79.92,0.5459382960656666,0,0,0
0,78.0,0.01,0,0.12,0.0012376288851819,0,0,0
0,24.0,100.0,0,77.03,0.7037587799784851,0,0,0
0,32.0,50.0,0,52.34,0.5233986013986014,0,0,0
0,18.0,72.0,0,0.0,0.0,0,0,0
0,48.0,0.0,0,0.0,0.0,0,0,0
0,47.0,38.0,0,46.43,0.413497433504433,0,0,0
0,82.0,100.0,0,0.0,0.0,0,0,0
0,30.0,35.3,0,49.18,0.4915275556593772,0,0,0
0,29.0,0.0,0,0.0,0.0,0,0,0
0,32.0,73.0,0,30.2,0.3020089285714286,0,0,0
0,36.0,23.18,0,11.53,0.1152708978328173,0,0,0
0,203.0,50.0,0,87.17,0.871677793904209,0,0,0
0,22.0,3.0,0,30.29,0.3028909677078378,0,0,0
0,18.0,0.0,0,31.17,0.3116945107398568,0,0,0
0,17.0,95.88,0,0.0,0.0,0,0,0
0,68.0,80.0,0,105.14,1.0514285714285714,0,0,0
0,24.0,98.92,0,97.14,0.9708456902324692,0,0,0
0,41.0,0.0,0,40.38,0.4038004750593824,0,0,0
0,-14.0,49.7,0,68.25,0.6824631860776439,0,0,0
0,24.0,21.25,0,35.03,0.3550180956846901,0,0,0
0,24.0,90.2,0,59.28,0.4845618662179983,0,0,0
0,18.0,89.08,0,0.0,0.0,0,0,0
0,36.0,96.5,0,85.74,0.929758644844934,0,0,0
0,12.0,98.5,0,0.0,0.0,0,0,0
0,18.0,94.71,0,128.63,1.2862541332073691,0,0,0
0,40.0,100.0,0,100.0,0.0,0,0,0
0,24.0,84.03,0,103.44,0.9504290894770524,0,0,0
0,24.0,100.0,0,91.03,0.9122595283497068,0,0,0
0,30.0,99.0,0,43.25,0.4325075432745752,0,0,0
0,36.0,8.4,0,11.37,0.1137224357677523,0,0,0
0,24.0,25.82,0,19.99,0.1510105514699695,0,0,0
0,48.0,0.0,0,0.0,0.0,0,0,0
0,36.0,15.13,0,13.35,0.1334587813620071,0,0,0
0,24.0,40.25,0,32.22,0.3416149642629286,0,0,0
0,33.0,95.0,0,63.6,0.6359720681328722,0,0,0
0,58.0,75.0,0,74.2,0.8423399248647979,0,0,0
0,24.0,74.85,0,53.68,0.5367564081895857,0,0,0
0,24.0,62.0,0,63.64,0.6364045145914834,0,0,0
0,72.0,32.0,0,37.36,0.3735794992022402,0,0,0
0,36.0,91.0,0,0.03,0.0002207108943924,0,0,0
0,94.0,100.0,0,0.0,0.0,0,0,0
0,30.0,91.32,0,56.21,0.928149454816674,0,0,0
0,53.0,100.0,0,57.89,0.0,0,0,0
0,24.0,100.0,0,61.12,0.6615047722077786,0,0,0
0,24.0,35.45,0,11.44,0.1144436805316833,0,0,0
0,23.0,43.3,0,14.64,0.1463788300835654,0,0,0
0,0.0,40.14,0,60.0,0.6,0,0,0
0,24.0,72.12,0,75.06,0.7506003308910423,0,0,0
0,24.0,91.0,0,63.5,0.6017213657429301,0,0,0
0,24.0,22.0,0,0.01,0.0001385809312638,0,0,0
0,24.0,82.0,0,85.0,0.8500000000000001,0,0,0
0,24.0,90.19,0,51.04,0.351936538271942,0,0,0
0,71.0,100.0,0,105.24,0.0,0,0,0
0,1.0,57.0,0,5.04,0.0503684614382302,0,0,0
0,24.0,8.24,0,2.96,0.0296182713259623,0,0,0
0,47.0,95.6,0,81.99,0.8286290755328511,0,0,0
0,24.0,1.0,0,0.07,0.0007030759573132,0,0,0
0,24.0,7.2,0,15.91,0.159117186620691,0,0,0
0,26.0,71.3,0,61.83,0.3884297520661157,0,0,0
0,65.0,56.0,0,28.46,0.2845848986500434,0,0,0
0,24.0,24.76,0,25.04,0.2860743705012603,0,0,0
0,29.0,100.0,0,108.08,1.0862284428892777,0,0,0
0,30.0,8.58,0,7.28,0.0731375477020076,0,0,0
0,30.0,100.0,0,92.06,0.8686482357111829,0,0,0
0,91.0,39.42,0,33.02,0.3302212847467021,0,0,0
0,32.0,82.0,0,41.5,0.4149833650190114,0,0,0
0,29.0,95.05,0,77.0,0.7700218035080867,0,0,0
0,36.0,4.87,0,1.82,0.0181737288135593,0,0,0
0,34.0,26.0,0,29.3,0.2929968944099378,0,0,0
0,36.0,0.0,0,0.0,0.0,0,0,0
0,30.0,49.5,0,39.5,0.351141776856856,0,0,0
0,144.0,64.26,0,58.67,0.9942940590516532,0,0,0
0,24.0,87.3,0,53.86,0.7090643274853802,0,0,0
0,24.0,70.0,0,61.62,0.6161555555555556,0,0,0
0,28.0,80.0,0,32.45,0.3925073210138342,0,0,0
0,36.0,100.0,0,97.33,1.3913364586747974,0,0,0
0,46.0,65.0,0,48.6,1.0109373673937028,0,0,0
0,11.0,48.0,0,0.0,0.0,0,0,0
0,60.0,100.0,0,0.0,0.0,0,0,0
0,24.0,84.6,0,69.37,0.6936804369080656,0,0,0
0,24.0,100.0,0,59.35,0.5819976620340305,0,0,0
0,75.0,5.35,0,7.47,0.0747484825808597,0,0,0
0,120.0,0.0,0,10.81,0.2946058091286307,0,0,0
0,24.0,44.41,0,31.95,0.3195440425777772,0,0,0
0,42.0,99.82,0,85.86,0.8586475371236619,0,0,0
0,24.0,80.04,0,48.12,0.4811910601402466,0,0,0
0,23.0,0.0,0,2.01,0.0179814932047465,0,0,0
0,24.0,76.83,0,80.34,0.5395036803771179,0,0,0
0,24.0,100.0,0,56.29,0.7520093770931011,0,0,0
0,24.0,49.71,0,0.0,0.0,0,0,0
0,24.0,56.15,0,58.0,0.58,0,0,0
0,30.0,71.2,0,89.32,0.8732103091082933,0,0,0
0,131.0,46.57,0,78.69,0.7869064416906264,0,0,0
0,54.0,13.0,0,12.84,0.128366434674362,0,0,0
0,30.0,99.85,0,95.34,0.9323557066396644,0,0,0
0,184.0,98.0,0,114.54,1.4209040851989845,0,0,0
0,18.0,98.0,0,35.41,0.3541246387874162,0,0,0
0,26.0,70.33,0,62.24,0.6223661642536147,0,0,0
0,24.0,85.56,0,74.39,0.7987978021167533,0,0,0
0,25.0,90.4,0,70.48,0.7048311688311689,0,0,0
0,24.0,2.0,0,0.0,0.0,0,0,0
0,27.0,97.85,0,65.42,1.018719705833194,0,0,0
0,30.0,0.0,0,0.0,0.0,0,0,0
0,36.0,0.0,0,10.0,0.099951923076923,0,0,0
0,24.0,5.79,0,11.4,0.1139938928082552,0,0,0
0,42.0,100.0,0,0.0,0.0,0,0,0
0,24.0,92.5,0,123.47,1.2347359608049862,0,0,0
0,51.0,100.0,0,0.0,0.0,0,0,0
0,26.0,69.63,0,77.72,0.8141898664025375,0,0,0
0,24.0,100.0,0,62.99,0.6299033986467989,0,0,0
0,33.0,100.0,0,105.76,0.0,0,0,0
0,76.0,11.2,0,0.0,0.0,0,0,0
0,18.0,100.0,0,176.48,1.7647638561091372,0,0,0
0,41.0,100.0,0,100.0,0.0,0,0,0
0,34.0,100.0,0,0.0,0.0,0,0,0
0,24.0,61.38,0,54.91,0.3280479912381142,0,0,0
0,24.0,98.56,0,37.34,0.3734389100635375,0,0,0
0,19.0,100.0,0,102.7,0.8834967977475945,0,0,0
0,24.0,0.01,0,1.29,0.0129023110733021,0,0,0
0,24.0,95.25,0,90.91,0.9035012608309702,0,0,0
0,24.0,0.5,0,14.04,0.1401977945037633,0,0,0
0,24.0,54.8,0,45.01,0.4618741552353837,0,0,0
0,38.0,99.0,0,74.44,0.744390243902439,0,0,0
0,60.0,85.0,0,22.12,0.2211904761904761,0,0,0
0,26.0,60.0,0,46.65,0.4665253994616573,0,0,0
0,36.0,90.1,0,61.63,1.0693899931459905,0,0,0
0,36.0,99.74,0,0.0,5.123147661923486e-05,0,0,0
0,27.0,20.0,0,0.0,0.0,0,0,0
0,58.0,8.0,0,0.32,0.003185451175721,0,0,0
0,284.0,89.57,0,93.4,1.5510061473668306,0,0,0
0,24.0,66.0,0,26.28,0.2628303887632806,0,0,0
0,24.0,85.6,0,55.02,0.5501712204761067,0,0,0
0,18.0,99.69,0,84.6,0.8460165503813079,0,0,0
0,60.0,1.51,0,0.09,0.0008744300227737,0,0,0
0,106.0,87.0,0,63.87,0.6386597708324044,0,0,0
0,87.0,70.0,0,81.33,0.8132530120481928,0,0,0
0,103.0,62.06,0,27.5,0.2750434477385773,0,0,0
0,24.0,41.98,0,0.0,0.0,0,0,0
0,61.0,95.8,0,97.2,1.1298925133515672,0,0,0
0,65.0,0.0,0,0.0,0.0,0,0,0
0,30.0,95.0,0,74.53,0.7452572410024202,0,0,0
0,135.0,1.0,0,11.14,0.1114206128133704,0,0,0
0,77.0,23.09,0,16.63,0.1717705882352941,0,0,0
0,53.0,84.3,0,73.09,0.8525631768953068,0,0,0
0,32.0,1.2,0,0.57,0.0057210618290754,0,0,0
0,18.0,98.0,0,0.0,0.0,0,0,0
0,29.0,100.0,0,97.18,0.7429738612280001,0,0,0
0,30.0,99.0,0,95.77,1.1292879157827322,0,0,0
0,118.0,100.0,0,126.36,0.0,0,0,0
0,176.0,97.0,0,102.27,1.3196989662152063,0,0,0
0,127.0,32.45,0,0.3,0.0030082306411959,0,0,0
0,33.0,93.0,0,84.7,0.8470096463022508,0,0,0
0,198.0,100.0,0,332.58,0.0,0,0,0
0,29.0,4.8,0,5.4,0.0540125391849529,0,0,0
0,80.0,44.0,0,39.92,0.3992217338041363,0,0,0
0,24.0,42.75,0,46.11,0.3237707240234352,0,0,0
0,0.0,0.0,0,55.42,0.5542428889619163,0,0,0
0,312.0,55.7,0,35.51,0.8005863192182411,0,0,0
0,27.0,99.1,0,86.32,0.8632113821138211,0,0,0
0,36.0,8.28,0,10.49,0.104904380012338,0,0,0
0,36.0,98.6,0,60.98,0.6097943722943723,0,0,0
0,24.0,58.75,0,14.05,0.140538623610155,0,0,0
0,84.0,78.48,0,66.23,0.6622541552418673,0,0,0
0,48.0,91.9,0,78.73,1.0073752415596224,0,0,0
0,95.0,70.0,0,63.05,1.5863011684004025,0,0,0
0,30.0,3.4,0,0.0,0.0,0,0,0
0,36.0,5.39,0,1.86,0.0186095505617977,0,0,0
0,132.0,75.0,0,70.88,0.7088034188034188,0,0,0
0,24.0,48.55,0,48.3,0.34622969837587,0,0,0
0,18.0,86.33,0,127.15,1.2714989293361885,0,0,0
0,33.0,15.0,0,23.21,0.4012433931201802,0,0,0
0,34.0,67.5,0,19.62,0.1961594261304102,0,0,0
0,24.0,92.51,0,93.59,0.6932209081073014,0,0,0
0,44.0,22.0,0,20.53,0.205333584030585,0,0,0
0,18.0,25.78,0,2.63,0.0262902085542594,0,0,0
0,24.0,94.65,0,0.0,0.0,0,0,0
0,24.0,0.0,0,89.25,0.0164069449477811,0,0,0
0,32.0,97.65,0,93.24,0.9997821350762528,0,0,0
0,115.0,37.0,0,39.52,0.3952308665401645,0,0,0
0,0.0,0.0,0,90.0,0.9,0,0,0
0,18.0,54.04,0,0.0,0.0,0,0,0
0,18.0,94.0,0,33.56,0.4397606433662385,0,0,0
0,47.0,100.0,0,100.0,0.0,0,0,0
0,133.0,80.0,0,72.5,1.7780364656381489,0,0,0
0,36.0,7.0,0,7.16,0.0716308512410461,0,0,0
0,75.0,75.61,0,95.67,0.9566604678477048,0,0,0
0,30.0,0.0,0,0.05,0.0004920775514221,0,0,0
0,24.0,100.0,0,90.49,0.6297658635900917,0,0,0
0,48.0,2.4,0,0.45,0.0044591643134486,0,0,0
0,33.0,60.07,0,61.74,0.75074942993415,0,0,0
0,24.0,56.69,0,40.76,0.4039973424869892,0,0,0
0,31.0,100.0,0,99.83,0.703566220336736,0,0,0
0,7.0,14.0,0,72.91,0.7283298097251586,0,0,0
0,69.0,0.0,0,0.0,0.0,0,0,0
0,30.0,22.0,0,72.99,1.3291009149980109,0,0,0
0,24.0,65.14,0,36.08,0.3607533649656241,0,0,0
0,51.0,100.0,0,0.0,0.0,0,0,0
0,70.0,71.0,0,33.11,0.3311149182920401,0,0,0
0,18.0,0.0,0,0.0,0.0,0,0,0
0,284.0,93.7,0,95.68,1.5430609942866578,0,0,0
0,27.0,12.48,0,11.4,0.1139592793320638,0,0,0
0,24.0,12.67,0,4.45,0.0444628032016468,0,0,0
0,24.0,96.75,0,45.88,0.4289769977739782,0,0,0
0,83.0,89.0,0,76.14,0.8615544367526746,0,0,0
0,22.0,67.0,0,79.22,2.430367816091954,0,0,0
0,24.0,99.2,0,58.37,0.5837333333333333,0,0,0
0,30.0,10.45,0,22.49,0.2248662689589891,0,0,0
0,30.0,0.0,0,0.1,0.0010442716205446,0,0,0
0,36.0,0.0,0,10.0,0.1000105671010919,0,0,0
0,74.0,12.14,0,7.2,0.0720483793453302,0,0,0
0,24.0,100.0,0,91.64,0.8482891583209783,0,0,0
0,31.0,97.5,0,94.37,0.6368881485322184,0,0,0
0,24.0,77.3,0,33.36,0.381746256004521,0,0,0
0,82.0,94.0,0,96.05,0.9604462338533803,0,0,0
0,34.0,54.8,0,25.11,0.2510714285714285,0,0,0
0,30.0,31.75,0,0.0,0.0,0,0,0
0,24.0,76.3,0,50.85,0.6069353474692624,0,0,0
0,263.0,95.5,0,118.57,2.7251135515792506,0,0,0
0,36.0,8.15,0,11.63,0.1163308391234633,0,0,0
0,24.0,100.0,0,150.05,0.0,0,0,0
0,24.0,100.0,0,78.6,0.7889837979147035,0,0,0
0,24.0,98.2,0,42.45,0.5616669965223783,0,0,0
0,30.0,16.4,0,33.18,0.5527976328407693,0,0,0
0,33.0,95.9,0,90.85,0.9084673504706428,0,0,0
0,42.0,92.4,0,107.22,1.0939495490088198,0,0,0
0,24.0,83.0,0,64.97,0.6496571878161178,0,0,0
0,24.0,55.62,0,0.0,0.0,0,0,0
0,24.0,56.18,0,59.22,0.5921960072595281,0,0,0
0,24.0,91.89,0,0.0,0.0,0,0,0
0,24.0,100.0,0,73.52,0.735155243954786,0,0,0
0,36.0,100.0,0,92.21,1.0919731082289283,0,0,0
0,46.0,95.0,0,88.13,1.0715288502035658,0,0,0
0,47.0,87.58,0,75.33,1.0009143968871597,0,0,0
0,64.0,86.49,0,66.23,0.6623101265822785,0,0,0
0,64.0,30.06,0,21.84,0.218449105914718,0,0,0
0,24.0,64.88,0,59.73,0.5973361350233851,0,0,0
0,24.0,95.9,0,52.04,0.629873437561224,0,0,0
0,34.0,55.0,0,15.65,0.1561952861952862,0,0,0
0,18.0,45.0,0,0.0,0.0,0,0,0
0,45.0,0.0,0,0.0,0.0,0,0,0
0,24.0,3.25,0,0.0,0.0,0,0,0
0,30.0,73.89,0,64.48,0.8350046092029245,0,0,0
0,144.0,100.0,0,0.0,0.0,0,0,0
0,24.0,99.9,0,56.93,0.7295041333386926,0,0,0
0,24.0,94.97,0,59.31,0.593085493737256,0,0,0
0,30.0,100.0,0,43.24,0.4825583914720284,0,0,0
0,15.0,98.47,0,87.22,0.9319825990818852,0,0,0
0,28.0,0.0,0,42.45,0.4244663615950885,0,0,0
0,68.0,97.98,0,101.43,4.20790475599531,0,0,0
0,36.0,82.64,0,63.74,0.5888212372138334,0,0,0
0,21.0,33.0,0,22.0,0.2199999999999999,0,0,0
0,24.0,99.87,0,41.01,0.5722983790858839,0,0,0
0,24.0,98.08,0,90.0,1.0347194015705388,0,0,0
0,44.0,10.0,0,38.7,0.3870223589258252,0,0,0
0,43.0,94.3,0,77.31,0.8088298148843388,0,0,0
0,24.0,9.76,0,22.13,0.2213003469603258,0,0,0
0,24.0,93.79,0,44.01,0.4726971586116084,0,0,0
0,23.0,40.0,0,65.75,0.6949745596868885,0,0,0
0,77.0,0.0,0,0.0,0.0,0,0,0
0,78.0,0.02,0,2.61,0.0261413525209864,0,0,0
0,19.0,14.0,0,8.45,0.0845308310991957,0,0,0
0,18.0,0.0,0,1.43,0.0143105928674187,0,0,0
0,71.0,40.0,0,53.79,0.5378,0,0,0
0,36.0,62.28,0,38.2,0.2964057584135761,0,0,0
0,27.0,81.0,0,96.21,0.9620536239730704,0,0,0
0,18.0,51.0,0,0.01,6.341556217895871e-05,0,0,0
0,24.0,55.0,0,0.0,0.0,0,0,0
0,23.0,10.0,0,0.0,0.0,0,0,0
0,18.0,100.0,0,60.31,0.6031269413957341,0,0,0
0,18.0,70.42,0,84.21,0.6506633318834276,0,0,0
0,24.0,28.77,0,32.0,0.32,0,0,0
0,47.0,65.0,0,77.49,0.7749708454810496,0,0,0
0,30.0,54.2,0,50.49,0.2857257396370633,0,0,0
0,24.0,100.0,0,82.84,0.335497075381627,0,0,0
0,24.0,41.88,0,17.12,0.1711817527374682,0,0,0
0,30.0,18.47,0,32.42,0.3241935483870968,0,0,0
0,18.0,37.2,0,15.73,0.1573126027050941,0,0,0
0,167.0,95.88,0,85.92,2.490157201529528,0,0,0
0,23.0,57.0,0,13.47,0.1346956264473939,0,0,0
0,17.0,78.0,0,29.74,0.297375316427588,0,0,0
0,126.0,49.6,0,17.62,0.1761660455034541,0,0,0
0,18.0,100.0,0,96.31,0.5142938550669579,0,0,0
0,24.0,87.24,0,41.7,0.3481573234240354,0,0,0
0,24.0,91.0,0,54.95,0.5494646915473289,0,0,0
0,18.0,75.24,0,90.26,0.9859427570631883,0,0,0
0,29.0,99.98,0,93.62,0.9820202068492933,0,0,0
0,24.0,69.04,0,46.18,0.4705578956417089,0,0,0
0,10.0,91.83,0,115.18,1.2374035989717225,0,0,0
0,18.0,94.5,0,81.57,0.8157244264165294,0,0,0
0,24.0,36.53,0,35.86,0.358599962665671,0,0,0
0,30.0,69.0,0,55.08,0.6568141367912536,0,0,0
0,19.0,5.8,0,18.67,0.1932675811127168,0,0,0
0,84.0,0.0,0,40.57,0.4056519258202568,0,0,0
0,54.0,9.39,0,3.57,0.0356691729323308,0,0,0
0,18.0,6.72,0,31.8,0.3179551750188869,0,0,0
0,18.0,8.0,0,0.96,0.0095561643835616,0,0,0
0,18.0,62.5,0,14.82,0.1482028174849803,0,0,0
0,24.0,0.0,0,10.13,0.1013425847577142,0,0,0
0,18.0,68.45,0,0.0,0.0,0,0,0
0,36.0,0.0,0,0.01,8.375974658869397e-05,0,0,0
0,149.0,86.15,0,50.34,2.7545502726814197,0,0,0
0,44.0,54.0,0,26.76,0.4279430379746835,0,0,0
0,28.0,0.0,0,0.0,0.0,0,0,0
0,36.0,90.0,0,60.39,0.6228290720612696,0,0,0
0,15.0,100.0,0,96.54,0.4054460259923967,0,0,0
0,2.0,47.0,0,14.23,0.2132444044456224,0,0,0
0,30.0,99.19,0,105.57,1.2343242725278245,0,0,0
0,36.0,17.76,0,14.37,0.1437225806451613,0,0,0
0,94.0,67.45,0,45.41,0.5755350269438029,0,0,0
0,24.0,9.04,0,18.37,0.1863494284221618,0,0,0
0,42.0,95.65,0,64.57,0.8431643737481542,0,0,0
0,0.0,942.0,0,0.0,0.0,0,0,0
0,24.0,0.0,0,19.55,0.1955152910556084,0,0,0
0,36.0,100.0,0,62.64,0.6264242424242424,0,0,0
0,54.0,0.0,0,1.9,0.019002783923552,0,0,0
0,30.0,71.11,0,60.41,0.6285814035350942,0,0,0
0,24.0,100.0,0,0.0,0.0,0,0,0
0,109.0,96.8,0,97.0,0.970040255986788,0,0,0
0,30.0,39.2,0,22.34,0.1661085230709746,0,0,0
0,18.0,0.0,0,57.63,0.5762996758314323,0,0,0
0,47.0,87.02,0,102.38,1.0359530788788451,0,0,0
0,91.0,100.0,0,0.0,0.0,0,0,0
0,52.0,87.5,0,65.12,0.6511561295698364,0,0,0
0,139.0,25.11,0,79.31,0.7931381612737545,0,0,0
0,91.0,84.02,0,65.05,0.6504669706649759,0,0,0
0,24.0,100.0,0,103.24,1.2616615088953893,0,0,0
0,24.0,100.0,0,77.01,0.7701241629464285,0,0,0
0,24.0,99.0,0,0.0,0.0,0,0,0
0,18.0,79.0,0,22.94,0.2293857380911337,0,0,0
0,12.0,100.0,0,92.34,1.0129486969349286,0,0,0
0,24.0,64.0,0,50.1,0.4212660164467393,0,0,0
0,18.0,55.9,0,51.58,0.2709270927092709,0,0,0
0,24.0,97.86,0,62.63,0.9612172726631172,0,0,0
0,38.0,18.5,0,10.64,0.1064425967021545,0,0,0
0,33.0,97.6,0,88.02,0.8802469630758128,0,0,0
0,54.0,67.13,0,29.36,0.2935871743486974,0,0,0
0,106.0,77.0,0,79.2,0.7920222731057452,0,0,0
0,42.0,100.0,0,21.95,0.2195483635985223,0,0,0
0,24.0,3.96,0,23.69,0.2368686405720047,0,0,0
0,18.0,100.0,0,0.0,0.0,0,0,0
0,24.0,20.0,0,0.0,0.0,0,0,0
0,90.0,30.3,0,13.45,0.134511354937484,0,0,0
0,45.0,32.0,0,39.53,0.3952678571428571,0,0,0
0,24.0,15.31,0,38.58,0.3896019460738836,0,0,0
0,24.0,1.0,0,2.0,0.02,0,0,0
0,83.0,73.0,0,71.66,0.7165635103926097,0,0,0
0,30.0,53.74,0,0.0,0.0,0,0,0
0,45.0,10.2,0,4.44,0.0511519949335022,0,0,0
0,57.0,98.5,0,99.83,1.2456977235674174,0,0,0
0,36.0,89.2,0,84.15,0.7571855396183147,0,0,0
0,32.0,49.78,0,32.1,0.3210356586276597,0,0,0
0,23.0,8.65,0,28.65,0.2864558030120944,0,0,0
0,24.0,43.0,0,0.0,0.0,0,0,0
0,127.0,28.58,0,17.69,0.1768520728893133,0,0,0
0,56.0,55.0,0,56.06,0.5936726121372032,0,0,0
0,18.0,64.05,0,50.78,0.8662699357295882,0,0,0
0,24.0,81.17,0,0.0,0.0,0,0,0
0,29.0,78.0,0,75.53,0.7196705590342415,0,0,0
0,45.0,10.0,0,16.96,0.1696492483894059,0,0,0
0,87.0,33.6,0,13.58,0.1357641561297416,0,0,0
0,18.0,93.23,0,5.79,0.0578843465855872,0,0,0
0,30.0,98.87,0,70.52,0.8754562890552496,0,0,0
0,24.0,100.0,0,93.61,0.804635761589404,0,0,0
0,24.0,98.75,0,49.86,0.748661187419724,0,0,0
0,24.0,47.63,0,35.74,0.3899915584732696,0,0,0
0,78.0,100.0,0,100.0,0.0,0,0,0
0,30.0,55.26,0,40.0,0.4,0,0,0
0,24.0,100.0,0,89.19,1.1517940483732898,0,0,0
0,65.0,80.0,0,83.06,0.8305668016194332,0,0,0
0,18.0,63.79,0,57.96,0.5720055085335851,0,0,0
0,128.0,78.86,0,61.05,0.6105469615007434,0,0,0
0,110.0,95.0,0,98.93,1.0384735202492212,0,0,0
0,24.0,56.7,0,57.77,0.7134667548038568,0,0,0
0,39.0,100.0,0,0.0,0.0,0,0,0
0,24.0,17.5,0,46.34,0.4634059389330052,0,0,0
0,24.0,100.0,0,59.78,0.5978053680902581,0,0,0
0,85.0,2.1,0,1.3,0.0130396612270192,0,0,0
0,18.0,73.0,0,25.9,0.2589800314373872,0,0,0
0,24.0,43.13,0,0.0,0.0,0,0,0
0,69.0,0.01,0,0.0,0.0,0,0,0
0,263.0,62.85,0,93.98,4.95582244325697,0,0,0
0,30.0,99.0,0,88.29,0.9000980909982647,0,0,0
0,36.0,47.84,0,28.91,0.23352744229218,0,0,0
0,24.0,100.0,0,59.36,0.5968911041649066,0,0,0
0,18.0,79.72,0,71.28,0.724791837127593,0,0,0
0,24.0,99.29,0,95.02,0.8881795716639209,0,0,0
0,24.0,40.0,0,0.0,0.0,0,0,0
0,21.0,100.0,0,80.8,0.808026157019968,0,0,0
0,24.0,26.22,0,40.7,0.4069700356975444,0,0,0
0,30.0,98.28,0,82.54,0.8254361938447603,0,0,0
0,18.0,97.0,0,92.59,0.9258913631097956,0,0,0
0,30.0,55.0,0,2.84,0.0284362174386464,0,0,0
0,24.0,4.5,0,0.0,0.0,0,0,0
0,24.0,74.29,0,0.0,0.0,0,0,0
0,74.0,65.0,0,49.34,0.4934013411328292,0,0,0
0,18.0,62.0,0,24.89,0.2365741194937702,0,0,0
0,20.0,100.0,0,100.0,1.0,0,0,0
0,122.0,88.0,0,92.97,1.5485907929335951,0,0,0
0,24.0,92.95,0,63.77,0.616304709932262,0,0,0
0,30.0,99.45,0,74.34,0.7934229030730083,0,0,0
0,18.0,1.0,0,0.4,0.0040319329086364,0,0,0
0,24.0,83.0,0,75.8,0.9584484848484848,0,0,0
0,36.0,81.07,0,58.36,0.5835743746317424,0,0,0
0,18.0,100.0,0,90.04,0.0,0,0,0
0,24.0,100.0,0,80.23,0.8022614578988833,0,0,0
0,109.0,99.0,0,93.86,1.303387466166979,0,0,0
0,40.0,48.0,0,62.11,0.6211371593849901,0,0,0
0,60.0,57.0,0,1.0,0.0100067552353073,0,0,0
0,24.0,37.93,0,25.71,0.191823302922823,0,0,0
0,30.0,34.8,0,25.28,0.1588850213088783,0,0,0
0,30.0,90.11,0,88.7,1.5285571710481547,0,0,0
0,24.0,37.62,0,31.65,0.2270777272453725,0,0,0
0,30.0,22.26,0,10.59,0.0886175956058012,0,0,0
0,24.0,89.2,0,40.99,0.4098671726755218,0,0,0
0,18.0,76.63,0,76.69,0.766897167075619,0,0,0
0,30.0,39.86,0,28.45,0.2844832385130095,0,0,0
0,24.0,92.97,0,48.6,0.5447386472767184,0,0,0
0,30.0,100.0,0,99.87,1.007626423133338,0,0,0
0,84.0,99.5,0,105.96,1.559713785046729,0,0,0
0,24.0,76.67,0,0.0,0.0,0,0,0
0,56.0,27.0,0,4.3,0.0430208333333333,0,0,0
0,47.0,3.0,0,19.85,0.1985451674749069,0,0,0
0,18.0,99.84,0,92.67,0.1720544055310918,0,0,0
0,24.0,65.0,0,51.05,0.5105243015690777,0,0,0
0,60.0,0.0,0,0.04,0.0003700458368097,0,0,0
0,24.0,67.0,0,54.59,0.6482041024768065,0,0,0
0,18.0,89.0,0,51.45,0.5144506836712034,0,0,0
0,24.0,42.0,0,0.0,0.0,0,0,0
0,24.0,37.0,0,33.24,0.3324034334763948,0,0,0
0,67.0,1.0,0,0.61,0.0060872917638942,0,0,0
0,83.0,100.0,0,142.66,0.0,0,0,0
0,67.0,59.0,0,86.09,2.275817039106145,0,0,0
0,33.0,23.0,0,34.27,0.3426556316101762,0,0,0
0,9.0,45.0,0,63.36,0.6336176986815788,0,0,0
0,24.0,99.99,0,68.52,0.927246988637082,0,0,0
0,42.0,94.9,0,75.28,0.6425418326693227,0,0,0
0,24.0,50.64,0,42.23,0.4222899484685984,0,0,0
0,197.0,32.2,0,69.37,0.6937101449275362,0,0,0
0,24.0,68.65,0,60.14,0.8179940325912325,0,0,0
0,66.0,98.0,0,100.16,1.9886435051348212,0,0,0
0,30.0,100.0,0,94.79,0.946363624072146,0,0,0
0,24.0,92.62,0,159.76,1.696662546353523,0,0,0
0,99.0,11.81,0,5.15,0.051499489204024,0,0,0
0,24.0,61.77,0,40.27,0.3515582419332121,0,0,0
0,48.0,21.03,0,0.0,0.0,0,0,0
0,106.0,1.12,0,2.01,0.0201039844073237,0,0,0
0,45.0,25.0,0,67.98,0.6798170683628143,0,0,0
0,71.0,25.0,0,22.33,0.2233486478627508,0,0,0
0,18.0,84.7,0,73.82,0.4864614570470982,0,0,0
0,24.0,98.66,0,106.95,1.1243889629539852,0,0,0
0,39.0,0.0,0,0.0,0.0,0,0,0
0,55.0,0.0,0,0.49,0.0048607216302112,0,0,0
0,24.0,75.2,0,50.01,0.500094571590694,0,0,0
0,17.0,0.0,0,9.09,0.1538461538461538,0,0,0
0,30.0,45.0,0,27.51,0.2751076923076923,0,0,0
0,36.0,100.0,0,131.37,1.3137450589018045,0,0,0
0,24.0,21.61,0,15.74,0.1545625328311831,0,0,0
0,64.0,99.0,0,87.93,0.8792701187449942,0,0,0
0,24.0,100.0,0,75.57,0.7557084991217693,0,0,0
0,47.0,97.0,0,94.76,0.83772,0,0,0
0,24.0,93.01,0,67.81,0.6781376518218624,0,0,0
0,21.0,17.2,0,8.0,0.08,0,0,0
0,24.0,80.19,0,90.97,0.8905138793301216,0,0,0
0,24.0,6.0,0,3.83,0.0382951866495888,0,0,0
0,18.0,96.0,0,72.41,0.7240503360950447,0,0,0
0,33.0,5.0,0,0.54,0.006276923076923,0,0,0
0,212.0,78.0,0,77.36,1.1821196676673882,0,0,0
0,24.0,37.7,0,0.0,0.0,0,0,0
0,87.0,100.0,0,148.57,0.0,0,0,0
0,24.0,80.25,0,64.05,0.7744866823893086,0,0,0
0,83.0,18.93,0,47.17,0.4717100690895711,0,0,0
0,20.0,85.5,0,82.78,0.8283950617283949,0,0,0
0,29.0,38.0,0,71.14,0.480177071805221,0,0,0
0,24.0,77.57,0,65.08,0.6657285074422832,0,0,0
0,24.0,100.0,0,100.45,0.7455775620440667,0,0,0
0,18.0,6.7,0,7.58,0.0757916775713164,0,0,0
0,47.0,89.6,0,77.99,0.734111216730038,0,0,0
0,24.0,95.84,0,129.94,1.299355536970532,0,0,0
0,88.0,16.0,0,32.38,0.3238281465161112,0,0,0
0,36.0,38.4,0,25.77,0.2576853526220615,0,0,0
0,19.0,0.0,0,0.0,0.0,0,0,0
0,24.0,36.23,0,41.37,0.5745913056227548,0,0,0
0,36.0,13.95,0,32.92,0.3292341771429223,0,0,0
0,30.0,25.0,0,8.96,0.089558848577755,0,0,0
0,31.0,2.0,0,0.0,0.0,0,0,0
0,55.0,17.13,0,17.29,0.1729139990528143,0,0,0
0,24.0,68.9,0,41.43,0.4142594222613427,0,0,0
0,164.0,87.7,0,32.87,0.5903257157002261,0,0,0
0,31.0,22.0,0,100.0,1.061183413005192,0,0,0
0,18.0,7.5,0,0.0,0.0,0,0,0
0,18.0,29.75,0,42.0,0.420000583617847,0,0,0
0,24.0,86.57,0,67.95,0.8178248952614554,0,0,0
0,24.0,94.21,0,110.15,0.874598690511327,0,0,0
0,139.0,99.05,0,90.96,1.069998894172288,0,0,0
0,41.0,18.72,0,7.04,0.0704080203309787,0,0,0
0,71.0,4.21,0,7.51,0.0751054921197182,0,0,0
0,35.0,28.0,0,10.0,0.0999964165412456,0,0,0
0,59.0,86.0,0,59.28,0.5928241093662652,0,0,0
0,24.0,100.0,0,84.45,0.0,0,0,0
0,36.0,100.0,0,69.08,0.0,0,0,0
0,24.0,84.92,0,44.25,0.4253942800914748,0,0,0
0,48.0,1.0,0,0.11,0.0010526315789473,0,0,0
0,71.0,90.0,0,93.47,0.9347273401755904,0,0,0
0,201.0,17.0,0,15.71,0.1869277632724107,0,0,0
0,24.0,68.95,0,56.49,0.5564940723895567,0,0,0
0,24.0,60.0,0,24.87,0.2487132747158481,0,0,0
0,164.0,47.0,0,100.55,1.176380270162016,0,0,0
0,24.0,28.28,0,25.54,0.1783185399421561,0,0,0
0,62.0,57.3,0,9.07,0.090650469014301,0,0,0
0,48.0,100.0,0,100.0,0.0,0,0,0
0,24.0,92.77,0,20.83,0.20826852031888,0,0,0
0,30.0,100.0,0,171.17,0.0,0,0,0
0,24.0,12.0,0,3.97,0.0397012280035447,0,0,0
0,24.0,97.2,0,72.67,0.8614191364433471,0,0,0
0,35.0,97.0,0,103.35,1.1022757955641271,0,0,0
0,30.0,70.58,0,0.0,0.0,0,0,0
0,49.0,75.0,0,70.32,0.7031925849639548,0,0,0
0,42.0,0.0,0,0.0,0.0,0,0,0
0,62.0,22.26,0,34.05,0.3404780262143407,0,0,0
0,30.0,92.5,0,78.07,1.1710773330103554,0,0,0
0,18.0,100.0,0,61.78,0.6177818891972453,0,0,0
0,169.0,96.4,0,89.46,0.894585425430859,0,0,0
0,24.0,26.77,0,18.82,0.203428074105711,0,0,0
0,24.0,89.5,0,62.65,0.6264966036260569,0,0,0
0,18.0,75.0,0,37.2,0.372047946952308,0,0,0
0,60.0,72.0,0,41.68,0.4168432506729282,0,0,0
0,49.0,0.0,0,0.14,0.0014361140443505,0,0,0
0,24.0,96.0,0,54.58,0.5458159297133804,0,0,0
0,18.0,41.93,0,9.95,0.099481260934958,0,0,0
0,24.0,99.2,0,93.97,0.8484624214596422,0,0,0
0,30.0,33.53,0,15.57,0.1247826884604296,0,0,0
0,47.0,77.9,0,78.78,0.7878047770832471,0,0,0
0,24.0,100.0,0,69.61,0.8407666704923676,0,0,0
0,43.0,15.0,0,28.07,0.17007064109006,0,0,0
0,39.0,100.0,0,83.32,0.8331859756097562,0,0,0
0,98.0,2.02,0,24.5,0.2450212683681361,0,0,0
0,24.0,78.1,0,59.95,0.6129646715676061,0,0,0
0,18.0,100.0,0,84.49,0.0,0,0,0
0,30.0,99.99,0,90.54,0.4230353161962024,0,0,0
0,24.0,3.0,0,5.0,0.05,0,0,0
0,94.0,54.6,0,46.0,0.4600009749914688,0,0,0
0,29.0,38.07,0,25.0,0.25,0,0,0
0,29.0,0.0,0,6.09,0.0609341874301867,0,0,0
0,50.0,6.58,0,5.48,0.0548159991747685,0,0,0
0,24.0,22.0,0,0.0,0.0,0,0,0
0,19.0,98.66,0,93.55,0.5583954884482445,0,0,0
0,3.0,78.0,0,82.31,0.8231292517006803,0,0,0
0,24.0,9.5,0,13.79,0.1379144311459623,0,0,0
0,24.0,23.07,0,14.03,0.140328142169679,0,0,0
0,95.0,35.8,0,29.1,0.2112048325905189,0,0,0
0,30.0,87.0,0,0.0,0.0,0,0,0
0,18.0,97.22,0,105.85,1.2123747756094736,0,0,0
0,24.0,4.71,0,6.17,0.0617253948967193,0,0,0
0,12.0,99.59,0,66.81,0.3627653266927547,0,0,0
0,24.0,79.8,0,71.47,0.6064483560862122,0,0,0
0,18.0,11.0,0,3.31,0.0331159771064096,0,0,0
0,18.0,98.0,0,27.3,0.3082150195017462,0,0,0
0,24.0,48.3,0,43.95,0.439467338648361,0,0,0
0,24.0,98.75,0,32.52,0.2898829010324855,0,0,0
0,24.0,30.41,0,36.11,0.34998055587327,0,0,0
0,73.0,100.0,0,119.72,0.0,0,0,0
0,53.0,100.0,0,100.28,0.0,0,0,0
0,30.0,100.0,0,0.0,0.0,0,0,0
0,36.0,0.61,0,10.55,0.1055479452054794,0,0,0
0,30.0,67.0,0,0.0,0.0,0,0,0
0,18.0,34.0,0,0.0,0.0,0,0,0
0,24.0,70.56,0,38.72,0.3872338643833609,0,0,0
0,18.0,96.0,0,73.61,0.7360772304977423,0,0,0
0,30.0,100.0,0,65.82,1.1259676715913427,0,0,0
0,24.0,49.18,0,36.97,0.314079277471149,0,0,0
0,122.0,100.0,0,130.94,0.0,0,0,0
0,18.0,33.35,0,23.9,0.1589128886779017,0,0,0
0,23.0,62.05,0,28.59,0.2859299801830707,0,0,0
0,24.0,100.0,0,59.13,0.7843412890016196,0,0,0
0,41.0,0.0,0,0.03,0.0002944120591179,0,0,0
0,24.0,100.0,0,97.42,1.088497543615334,0,0,0
0,24.0,53.14,0,42.52,0.425190380761523,0,0,0
0,24.0,89.97,0,27.38,0.2738363660063288,0,0,0
0,23.0,67.39,0,51.54,0.515415047938126,0,0,0
0,24.0,0.0,0,1.43,0.0142768850432632,0,0,0
0,36.0,0.0,0,0.96,0.0096401973499485,0,0,0
0,24.0,100.0,0,60.74,0.607357960248946,0,0,0
0,24.0,92.0,0,70.65,0.8742690058479532,0,0,0
0,24.0,99.7,0,51.91,0.6475638977635784,0,0,0
0,24.0,14.7,0,27.31,0.2731256521091072,0,0,0
0,18.0,97.0,0,16.24,0.177958833619211,0,0,0
0,24.0,51.14,0,44.17,0.3002296455882005,0,0,0
0,24.0,4.0,0,0.02,0.0002075158466646,0,0,0
0,200.0,99.9,0,66.28,0.6628474114441416,0,0,0
0,24.0,84.25,0,64.64,0.7898491584172675,0,0,0
0,24.0,48.0,0,13.63,0.1362995843021207,0,0,0
0,65.0,0.0,0,0.32,0.0032174283831453,0,0,0
0,12.0,58.19,0,16.67,0.089315302795446,0,0,0
0,24.0,87.3,0,47.91,0.5836032614766,0,0,0
0,24.0,100.0,0,0.0,0.0,0,0,0
0,82.0,52.4,0,39.29,0.5578349022447502,0,0,0
0,24.0,85.0,0,33.74,0.3374382676965937,0,0,0
0,48.0,90.0,0,85.28,1.0906646058732612,0,0,0
0,88.0,77.5,0,74.01,0.7400759890123996,0,0,0
0,47.0,0.0,0,1.11,0.01278804063541,0,0,0
0,18.0,91.85,0,0.0,0.0,0,0,0
0,18.0,87.1,0,70.0,0.7000000000000001,0,0,0
0,36.0,23.0,0,57.0,0.5699876256928053,0,0,0
0,24.0,99.55,0,0.0,0.0,0,0,0
0,30.0,12.45,0,14.88,0.1487737279715525,0,0,0
0,24.0,73.5,0,0.0,0.0,0,0,0
0,24.0,51.0,0,0.0,0.0,0,0,0
0,52.0,80.54,0,115.44,1.1543857754592617,0,0,0
0,11.0,100.0,0,92.56,0.5844668714348398,0,0,0
0,24.0,80.0,0,0.0,0.0,0,0,0
0,24.0,88.2,0,54.24,0.5424452165348945,0,0,0
0,24.0,37.19,0,0.0,0.0,0,0,0
0,24.0,37.95,0,0.0,0.0,0,0,0
0,30.0,40.5,0,22.27,0.186771381559754,0,0,0
0,24.0,31.08,0,62.63,0.6723021089389896,0,0,0
0,15.0,92.1,0,58.53,0.5852928867050051,0,0,0
0,96.0,92.0,0,105.04,2.6688400000000003,0,0,0
0,18.0,84.87,0,69.09,0.6908508768258486,0,0,0
0,100.0,98.0,0,95.58,1.0145938461538462,0,0,0
0,62.0,100.0,0,84.05,1.3579771507829324,0,0,0
0,26.0,88.0,0,74.01,0.7400800000000001,0,0,0
0,81.0,80.0,0,48.85,0.4885392982240521,0,0,0
0,45.0,70.0,0,30.24,0.3023763582817101,0,0,0
0,41.0,36.0,0,31.2,0.3120213638234502,0,0,0
0,18.0,98.5,0,85.92,0.8592361585782637,0,0,0
0,30.0,100.0,0,72.22,0.722237061769616,0,0,0
0,48.0,94.6,0,99.05,0.9722013523666416,0,0,0
0,24.0,57.26,0,28.06,0.2805863506195242,0,0,0
0,18.0,90.0,0,16.29,0.1629231665479966,0,0,0
0,24.0,93.1,0,66.95,0.9869957230377993,0,0,0
0,30.0,36.14,0,27.1,0.271020231392687,0,0,0
0,24.0,95.95,0,86.6,0.63652655134312,0,0,0
0,81.0,99.21,0,96.47,1.5542863934993083,0,0,0
0,36.0,91.1,0,62.54,0.6254071661237784,0,0,0
0,108.0,17.93,0,15.44,0.154388875277282,0,0,0
0,24.0,24.08,0,17.08,0.1098099538530243,0,0,0
0,30.0,100.0,0,80.35,0.9402888800949744,0,0,0
0,23.0,8.5,0,0.0,0.0,0,0,0
0,18.0,81.95,0,0.0,0.0,0,0,0
0,24.0,24.7,0,30.59,0.3217704161292512,0,0,0
0,131.0,75.0,0,91.12,1.0838714831631229,0,0,0
0,54.0,83.0,0,85.43,0.854346326630843,0,0,0
0,24.0,100.0,0,64.75,0.6731041660643557,0,0,0
0,5.0,98.0,0,70.31,0.8035041407867495,0,0,0
0,12.0,93.0,0,0.0,0.0,0,0,0
0,24.0,90.4,0,53.07,0.5507770997677632,0,0,0
0,24.0,99.02,0,50.39,0.5039173476755722,0,0,0
0,30.0,99.92,0,88.24,0.8823591110452992,0,0,0
0,50.0,5.0,0,4.46,0.0446061206106003,0,0,0
0,37.0,15.1,0,14.24,0.1423853923853923,0,0,0
0,24.0,100.0,0,82.72,0.8271584170907104,0,0,0
0,57.0,27.92,0,21.3,0.2129552838785844,0,0,0
0,41.0,56.0,0,54.74,0.5474349551668383,0,0,0
0,7.0,96.0,0,94.12,1.566943396226415,0,0,0
0,90.0,97.5,0,87.93,0.7640135889347246,0,0,0
0,86.0,48.0,0,61.08,0.6982058613295211,0,0,0
0,30.0,98.78,0,0.0,0.0,0,0,0
0,32.0,1.76,0,1.33,0.0132958689543851,0,0,0
0,191.0,79.5,0,121.85,2.8341166125951305,0,0,0
0,24.0,100.0,0,60.28,0.6027709242740559,0,0,0
0,0.0,0.0,0,60.0,0.6,0,0,0
0,27.0,100.0,0,49.42,0.4941903378651873,0,0,0
0,48.0,0.0,0,0.52,0.0051854874358189,0,0,0
0,60.0,0.0,0,0.47,0.0046945926780917,0,0,0
0,24.0,98.09,0,75.83,0.7582810844856709,0,0,0
0,48.0,90.0,0,38.55,1.0988065158891558,0,0,0
0,12.0,99.31,0,19.99,0.1999363260108246,0,0,0
0,18.0,92.33,0,0.0,0.0,0,0,0
0,24.0,0.0,0,9.15,0.0914815774137149,0,0,0
0,67.0,11.0,0,6.23,0.1365096976103999,0,0,0
0,24.0,50.48,0,52.09,0.5208518577904756,0,0,0
0,24.0,99.42,0,100.39,1.0039108938392312,0,0,0
0,18.0,99.87,0,99.0,0.99,0,0,0
0,68.0,99.32,0,94.37,1.9679027734496728,0,0,0
0,24.0,93.0,0,90.65,1.053374223626535,0,0,0
0,24.0,73.35,0,80.42,1.0455908008231298,0,0,0
0,18.0,50.72,0,13.63,0.1363334864023674,0,0,0
0,24.0,82.88,0,99.53,0.8290580904140985,0,0,0
0,17.0,34.58,0,33.47,0.3347250509164969,0,0,0
0,107.0,81.5,0,91.06,1.5109225847397256,0,0,0
0,24.0,15.0,0,20.27,0.1736527859326983,0,0,0
0,24.0,41.26,0,15.12,0.1511743049384283,0,0,0
0,23.0,100.0,0,53.67,0.5524083958217362,0,0,0
0,24.0,9.06,0,2.81,0.0281264847173098,0,0,0
0,24.0,32.38,0,19.51,0.1325531647162451,0,0,0
0,30.0,98.37,0,0.0,0.0,0,0,0
0,42.0,97.4,0,82.62,1.6747169811320757,0,0,0
0,30.0,99.0,0,0.0,0.0,0,0,0
0,15.0,81.0,0,35.98,0.3598023492696459,0,0,0
0,56.0,82.0,0,51.6,0.5159679479735222,0,0,0
0,18.0,99.62,0,61.99,0.6199484944532488,0,0,0
0,33.0,0.0,0,0.64,0.0064178127046496,0,0,0
0,30.0,20.2,0,3.36,0.0335604242471162,0,0,0
0,60.0,100.0,0,88.47,1.629844652090241,0,0,0
0,79.0,63.3,0,53.05,0.5305383926181916,0,0,0
0,99.0,39.34,0,56.12,0.5611535086045714,0,0,0
0,23.0,28.16,0,19.75,0.1979583527221963,0,0,0
0,24.0,81.5,0,67.4,0.7587561085922936,0,0,0
0,47.0,47.4,0,33.2,0.3319970438840905,0,0,0
0,24.0,92.0,0,0.08,0.0007536231884057,0,0,0
0,24.0,95.2,0,64.56,0.6456335684285601,0,0,0
0,24.0,100.0,0,97.0,0.97,0,0,0
0,18.0,100.0,0,133.13,0.0,0,0,0
0,24.0,100.0,0,97.52,1.0676656394453004,0,0,0
0,23.0,100.0,0,66.72,0.6671530966994291,0,0,0
0,18.0,36.85,0,0.0,0.0,0,0,0
0,97.0,94.05,0,129.28,1.4874497723010982,0,0,0
0,23.0,100.0,0,34.51,0.3450870708886891,0,0,0
0,35.0,91.7,0,75.8,0.8418937153684936,0,0,0
0,19.0,65.8,0,50.05,0.5004643291990837,0,0,0
0,18.0,12.07,0,6.0,0.0599595883652084,0,0,0
0,24.0,43.57,0,52.33,0.2987679099068964,0,0,0
0,33.0,100.0,0,0.0,0.0,0,0,0
0,176.0,86.14,0,108.91,1.0891363636363636,0,0,0
0,58.0,99.7,0,103.63,1.5625730365753736,0,0,0
0,87.0,96.0,0,92.79,1.0457297974524953,0,0,0
0,74.0,74.0,0,64.24,0.920016,0,0,0
0,32.0,0.0,0,32.03,0.3202640528105621,0,0,0
0,24.0,64.12,0,44.66,0.4465692111265726,0,0,0
0,24.0,100.0,0,18.56,0.2669913910285455,0,0,0
0,39.0,49.12,0,33.6,0.3544243995693159,0,0,0
0,43.0,87.0,0,73.0,0.9209532627886527,0,0,0
0,24.0,99.0,0,54.53,0.9112079669563896,0,0,0
0,23.0,50.5,0,48.71,0.4933752612505513,0,0,0
0,23.0,87.7,0,56.67,0.3314645082839337,0,0,0
0,18.0,53.84,0,53.85,0.4127034995513395,0,0,0
0,30.0,97.73,0,86.47,0.864749805723553,0,0,0
0,15.0,92.1,0,63.23,0.6322756653697704,0,0,0
0,24.0,2.5,0,4.5,0.0450131926121372,0,0,0
0,23.0,27.6,0,44.67,0.4286766143220173,0,0,0
0,24.0,54.26,0,3.89,0.0389303720722445,0,0,0
0,87.0,6.0,0,31.43,0.314240614334471,0,0,0
0,38.0,95.0,0,96.02,1.640314724615961,0,0,0
0,24.0,53.43,0,9.51,0.0951493793629772,0,0,0
0,110.0,100.0,0,166.54,0.0,0,0,0
0,24.0,93.6,0,49.25,0.4925118612723773,0,0,0
0,24.0,40.99,0,18.17,0.1817011494252873,0,0,0
0,51.0,43.0,0,12.31,0.1231438362182585,0,0,0
0,51.0,100.0,0,0.0,0.0,0,0,0
0,36.0,61.36,0,65.27,0.5345274709051989,0,0,0
0,18.0,15.0,0,3.93,0.0393383646815,0,0,0
0,132.0,20.0,0,29.02,0.4906397306397306,0,0,0
0,108.0,0.0,0,0.0,0.0,0,0,0
0,30.0,88.0,0,56.43,0.5642554105579721,0,0,0
0,0.0,0.0,0,60.0,0.6,0,0,0
0,66.0,100.0,0,0.0,0.0,0,0,0
0,30.0,3.0,0,9.35,0.0934676658907356,0,0,0
0,40.0,92.9,0,98.37,1.5207230944814822,0,0,0
0,24.0,99.8,0,50.77,0.577649034902921,0,0,0
0,54.0,80.0,0,97.39,0.9739488636363636,0,0,0
0,32.0,53.93,0,61.72,0.6172401274656125,0,0,0
0,24.0,25.78,0,20.39,0.2128908850982433,0,0,0
0,24.0,77.0,0,27.16,0.2498543279464402,0,0,0
0,35.0,19.13,0,20.23,0.2023478529502625,0,0,0
0,24.0,84.44,0,71.23,0.71231990094552,0,0,0
0,67.0,21.0,0,13.66,0.1365872187687389,0,0,0
0,70.0,88.0,0,82.19,0.8218769109024856,0,0,0
0,22.0,14.5,0,30.77,0.3077386756493219,0,0,0
0,32.0,63.5,0,55.86,0.5585807750377454,0,0,0
0,18.0,95.0,0,0.0,0.0,0,0,0
0,24.0,96.53,0,52.64,0.5264196193718088,0,0,0
0,36.0,97.0,0,0.0,0.0,0,0,0
0,115.0,12.0,0,28.15,0.4607042253521127,0,0,0
0,24.0,20.14,0,21.17,0.188110174068381,0,0,0
0,24.0,93.55,0,80.07,0.8007201471605067,0,0,0
0,30.0,22.8,0,19.82,0.1981866497670298,0,0,0
0,80.0,100.0,0,98.59,1.780922755902469,0,0,0
0,24.0,42.48,0,14.97,0.140092959712508,0,0,0
0,200.0,56.0,0,47.59,1.1224118257261413,0,0,0
0,70.0,84.0,0,84.26,1.2025083333333333,0,0,0
0,24.0,100.0,0,51.83,0.5151319412808605,0,0,0
0,36.0,5.0,0,0.0,0.0,0,0,0
0,24.0,100.0,0,154.57,1.5457235725027896,0,0,0
0,18.0,35.2,0,22.0,0.2199924863815665,0,0,0
0,55.0,95.01,0,99.82,1.31541829795509,0,0,0
0,24.0,80.36,0,54.1,0.4805507551984228,0,0,0
0,30.0,57.17,0,46.61,0.5024993344967317,0,0,0
0,30.0,73.9,0,47.65,0.4676580985413598,0,0,0
0,18.0,74.63,0,94.38,0.2378643045784934,0,0,0
0,18.0,76.2,0,25.17,0.2516596410631799,0,0,0
0,24.0,98.9,0,82.99,0.8814108240771196,0,0,0
0,35.0,100.0,0,84.69,0.0,0,0,0
0,18.0,22.0,0,0.0,0.0,0,0,0
0,89.0,100.0,0,99.3,0.0,0,0,0
0,42.0,18.66,0,0.0,0.0,0,0,0
0,0.0,0.0,0,44.63,0.4463179989504984,0,0,0
0,178.0,100.0,0,172.81,0.0,0,0,0
0,117.0,43.7,0,32.51,0.4701225225652643,0,0,0
0,0.0,0.0,0,60.0,0.6,0,0,0
0,45.0,95.7,0,92.17,1.3682758620689657,0,0,0
0,24.0,70.17,0,64.71,0.6153666169459799,0,0,0
0,24.0,72.41,0,65.51,0.8256031495550602,0,0,0
0,105.0,81.25,0,76.96,1.3776932515337423,0,0,0
0,42.0,5.3,0,1.52,0.0152247043363994,0,0,0
0,74.0,4.1,0,13.13,0.1313421987170818,0,0,0
0,24.0,11.1,0,19.9,0.1989614220046751,0,0,0
0,24.0,76.95,0,68.49,0.7454656854671349,0,0,0
0,123.0,55.0,0,91.27,0.9347771958969922,0,0,0
0,24.0,76.3,0,67.79,0.5054815203833781,0,0,0
0,24.0,38.0,0,6.59,0.0658774785439479,0,0,0
0,24.0,97.5,0,37.41,0.3741226304458175,0,0,0
0,135.0,74.0,0,71.24,1.3756119980648285,0,0,0
0,111.0,100.0,0,127.35,0.0,0,0,0
0,18.0,88.9,0,68.92,0.4889903329752954,0,0,0
0,28.0,90.0,0,92.51,0.9788478354211784,0,0,0
0,76.0,76.07,0,71.77,2.62854600402955,0,0,0
0,48.0,0.0,0,0.0,0.0,0,0,0
0,30.0,83.19,0,97.52,0.6556513620870361,0,0,0
0,35.0,80.0,0,79.88,0.7987731777493605,0,0,0
0,90.0,31.1,0,13.39,0.1338634237605238,0,0,0
0,24.0,53.41,0,54.97,0.7209644037880891,0,0,0
0,24.0,100.0,0,72.93,0.8235539479664066,0,0,0
0,23.0,90.1,0,49.18,0.3701615958839913,0,0,0
0,66.0,1.79,0,0.01,0.0001372945758671,0,0,0
0,24.0,63.15,0,61.46,0.6145722358608552,0,0,0
0,62.0,75.0,0,68.31,0.683076923076923,0,0,0
0,24.0,83.05,0,86.16,0.861640638025899,0,0,0
0,47.0,16.0,0,15.09,0.1508618845972882,0,0,0
0,24.0,66.12,0,32.93,0.2745004055748101,0,0,0
0,38.0,0.0,0,0.0,0.0,0,0,0
0,24.0,5.4,0,24.77,0.2477186780664255,0,0,0
0,30.0,93.62,0,53.33,0.5332723899658538,0,0,0
0,142.0,99.98,0,384.06,0.7987316107283706,0,0,0
0,36.0,22.26,0,0.0,0.0,0,0,0
0,15.0,73.88,0,20.48,0.2185313310794874,0,0,0
0,35.0,100.0,0,59.82,0.0,0,0,0
0,24.0,99.08,0,0.0,0.0,0,0,0
0,45.0,57.12,0,77.22,0.7722456118941566,0,0,0
0,18.0,89.83,0,62.17,0.6216554022775668,0,0,0
0,24.0,7.8,0,4.04,0.0404366512641498,0,0,0
0,24.0,10.0,0,32.83,0.3282911392405063,0,0,0
0,24.0,99.2,0,74.04,1.0375339596582027,0,0,0
0,24.0,100.0,0,66.37,1.0650609839660137,0,0,0
0,103.0,88.0,0,85.31,1.187373831775701,0,0,0
0,36.0,96.71,0,97.21,1.0097099864960457,0,0,0
0,60.0,57.86,0,59.0,1.2235352862849536,0,0,0
0,6.0,34.0,0,80.41,1.6868851781433414,0,0,0
0,34.0,1.0,0,22.64,0.226384216746977,0,0,0
0,115.0,35.0,0,61.39,0.7924137931034483,0,0,0
0,126.0,95.02,0,154.4,2.65873527905786,0,0,0
0,24.0,89.7,0,69.51,0.9365642366786532,0,0,0
0,23.0,94.0,0,48.66,0.5296062267230196,0,0,0
0,0.0,0.0,0,60.0,0.6,0,0,0
0,60.0,80.0,0,94.19,1.4079560746477084,0,0,0
0,20.0,55.91,0,49.95,0.4995413508424661,0,0,0
0,140.0,65.0,0,207.07,11.97816150330117,0,0,0
0,24.0,98.8,0,89.38,1.63762723402668,0,0,0
0,32.0,96.0,0,96.73,1.1402348622125995,0,0,0
0,24.0,54.55,0,51.94,0.4891519917082748,0,0,0
0,115.0,86.0,0,72.79,1.368291062453059,0,0,0
0,24.0,100.0,0,66.49,0.8781460210407995,0,0,0
0,73.0,30.0,0,30.79,0.3078738282349375,0,0,0
0,89.0,100.0,0,0.0,0.0,0,0,0
0,70.0,0.97,0,2.5,0.0249774662334276,0,0,0
0,60.0,100.0,0,139.95,0.0,0,0,0
0,24.0,99.99,0,83.27,0.8779725733753122,0,0,0
0,24.0,53.0,0,0.0,0.0,0,0,0
0,122.0,96.0,0,100.5,2.438758537014931,0,0,0
0,50.0,66.2,0,62.12,0.6212064965197216,0,0,0
0,28.0,7.2,0,9.99,0.0998784933171324,0,0,0
0,24.0,100.0,0,5.24,0.0523597676609854,0,0,0
0,67.0,79.83,0,61.55,0.6155433932759968,0,0,0
0,120.0,43.6,0,30.02,0.3002257929992899,0,0,0
0,59.0,0.0,0,0.0,0.0,0,0,0
0,24.0,98.0,0,44.93,0.4230372707675966,0,0,0
0,24.0,92.34,0,51.67,0.5156869657178109,0,0,0
0,24.0,96.66,0,40.88,0.4792213385397226,0,0,0
0,30.0,100.0,0,89.54,1.1493431771313989,0,0,0
0,30.0,86.0,0,79.88,0.9188339670468948,0,0,0
0,23.0,0.0,0,4.51,0.0450882382943996,0,0,0
0,30.0,85.3,0,110.98,0.8525815510909484,0,0,0
0,24.0,40.63,0,29.4,0.223674992118261,0,0,0
0,24.0,3.92,0,2.74,0.027394366197183,0,0,0
0,18.0,100.0,0,38.99,0.3899046418157459,0,0,0
0,24.0,8.0,0,0.06,0.0005527915975677,0,0,0
0,24.0,39.0,0,21.43,0.2546449564218634,0,0,0
0,36.0,0.0,0,10.0,0.0999761051373954,0,0,0
0,24.0,67.57,0,42.65,0.4265052135889673,0,0,0
0,30.0,100.0,0,91.52,0.9060378539027062,0,0,0
0,24.0,93.05,0,81.9,0.7354241292584407,0,0,0
0,34.0,95.0,0,108.62,1.0861846153846153,0,0,0
0,24.0,100.0,0,60.04,0.6377492322173942,0,0,0
0,50.0,88.0,0,81.08,0.96330841146027,0,0,0
0,30.0,100.0,0,57.83,0.5824256744728026,0,0,0
0,111.0,3.0,0,10.58,0.1058128078817734,0,0,0
0,30.0,100.0,0,5.65,0.0,0,0,0
0,99.0,0.0,0,62.03,0.6202645758209179,0,0,0
0,24.0,74.41,0,42.18,0.4689164180231899,0,0,0
0,24.0,98.65,0,0.0,0.0,0,0,0
0,24.0,100.0,0,76.46,0.9344663557012884,0,0,0
0,137.0,99.5,0,99.89,0.8793544004916388,0,0,0
0,24.0,100.0,0,124.98,1.249751843448667,0,0,0
0,24.0,98.22,0,44.66,0.4611231218833856,0,0,0
0,24.0,77.0,0,46.18,0.4485700059401097,0,0,0
0,48.0,98.0,0,23.55,0.2355114515629836,0,0,0
0,24.0,24.5,0,25.1,0.2244226116284184,0,0,0
0,24.0,82.72,0,40.4,0.4129870286358077,0,0,0
0,18.0,0.0,0,69.68,0.696766291033807,0,0,0
0,24.0,99.5,0,75.38,0.7638896378179204,0,0,0
0,24.0,20.03,0,36.99,0.4649275313863488,0,0,0
0,18.0,96.0,0,94.93,0.7534674592287761,0,0,0
0,24.0,22.64,0,42080.0,0.1763177742395039,0,0,0
0,60.0,0.0,0,0.0,0.0,0,0,0
0,36.0,59.88,0,52.27,0.7697647551961395,0,0,0
0,24.0,40.21,0,39.02,0.3375790915913331,0,0,0
0,24.0,0.1,0,14.31,0.1430856363731711,0,0,0
0,36.0,87.3,0,58.32,0.5832185686653771,0,0,0
0,27.0,5.0,0,29.91,0.2991106779557775,0,0,0
0,30.0,100.0,0,2.54,0.0058039328860136,0,0,0
0,18.0,97.1,0,84.64,0.8464241785274995,0,0,0
0,18.0,100.0,0,19.68,0.1968290119131044,0,0,0
0,35.0,10.05,0,3.55,0.0354538652268959,0,0,0
0,39.0,91.8,0,78.27,0.8838514517218096,0,0,0
0,17.0,50.15,0,49.12,0.8914251470908694,0,0,0
0,30.0,55.02,0,73.73,0.4938085327783559,0,0,0
0,36.0,9.2,0,22.82,0.2281977246366081,0,0,0
0,36.0,16.22,0,12.78,0.1277997128499641,0,0,0
0,24.0,73.0,0,46.43,0.3797789862864985,0,0,0
0,24.0,0.0,0,0.0,0.0,0,0,0
0,49.0,95.0,0,90.17,0.9016982945846832,0,0,0
0,106.0,82.9,0,87.64,0.8763528082965396,0,0,0
0,30.0,53.21,0,0.0,0.0,0,0,0
0,38.0,68.0,0,55.2,0.4708849408731715,0,0,0
0,24.0,93.07,0,49.83,0.4377651505412284,0,0,0
0,24.0,17.36,0,38.45,0.3634685042154143,0,0,0
0,0.0,0.0,0,45.01,0.4501044759705268,0,0,0
0,18.0,53.49,0,32.13,0.3213316940850458,0,0,0
0,56.0,14.3,0,15.53,0.1552660537679342,0,0,0
0,129.0,77.0,0,82.83,0.8282749887667987,0,0,0
0,24.0,85.5,0,36.31,0.3630534573628348,0,0,0
0,69.0,2.31,0,0.16,0.001592896708356,0,0,0
0,36.0,98.3,0,79.87,0.8754455445544554,0,0,0
0,18.0,53.14,0,38.47,0.3846815341397694,0,0,0
0,30.0,100.0,0,86.67,0.3765289948260908,0,0,0
0,30.0,14.04,0,14.85,0.148522012828563,0,0,0
0,24.0,11.57,0,13.87,0.1387186356049874,0,0,0
0,83.0,100.0,0,100.0,0.0,0,0,0
0,24.0,68.23,0,29.31,0.2931063199777921,0,0,0
0,24.0,99.98,0,65.27,0.8624896238005114,0,0,0
0,78.0,64.0,0,38.74,0.3874378352978032,0,0,0
0,24.0,64.5,0,17.51,0.1751095751854349,0,0,0
0,36.0,0.0,0,0.0,0.0,0,0,0
0,24.0,51.81,0,48.69,0.4868818619678703,0,0,0
0,63.0,75.0,0,62.85,0.6285265369507628,0,0,0
0,25.0,71.75,0,36.22,0.362231096225686,0,0,0
0,54.0,18.56,0,12.0,0.12,0,0,0
0,64.0,2.0,0,0.32,0.0032209879752719,0,0,0
0,30.0,100.0,0,98.02,1.11037734257713,0,0,0
0,69.0,97.0,0,98.48,0.9848090815273478,0,0,0
0,30.0,63.91,0,60.11,0.3560028603847984,0,0,0
0,24.0,18.9,0,19.62,0.1341661308594348,0,0,0
0,24.0,90.57,0,52.11,0.4630348935068298,0,0,0
0,84.0,84.0,0,79.98,1.4739262820512822,0,0,0
0,30.0,100.0,0,96.96,0.8107888866355709,0,0,0
0,24.0,97.26,0,51.2,0.8586084077455604,0,0,0
0,60.0,75.15,0,37.39,0.3739073426573426,0,0,0
0,74.0,100.0,0,188.03,0.0,0,0,0
0,28.0,87.1,0,103.31,0.7524235485458709,0,0,0
0,26.0,53.15,0,48.98,0.4898029726927065,0,0,0
0,88.0,23.67,0,9.56,0.0955687687166355,0,0,0
0,24.0,97.25,0,0.0,0.0,0,0,0
0,18.0,93.0,0,46.39,0.4639237988251538,0,0,0
0,30.0,97.13,0,93.21,0.9320586789475046,0,0,0
0,24.0,96.46,0,0.0,0.0,0,0,0
0,133.0,42.47,0,27.36,0.273566092210614,0,0,0
0,24.0,100.0,0,75.22,0.752249675474687,0,0,0
0,23.0,99.9,0,72.35,0.728412633502042,0,0,0
0,24.0,1.7,0,1.7,0.0170173833485818,0,0,0
0,24.0,0.0,0,0.78,0.0078265185354865,0,0,0
0,12.0,25.93,0,55.07,0.550705467372134,0,0,0
0,25.0,35.0,0,46.62,0.5786429608127721,0,0,0
0,30.0,58.35,0,43.01,0.430059091911722,0,0,0
0,54.0,80.69,0,72.35,1.854266901173016,0,0,0
0,24.0,13.6,0,5.4,0.0540212342402123,0,0,0
0,18.0,83.0,0,0.0,0.0,0,0,0
0,24.0,94.37,0,49.01,0.5003313542244282,0,0,0
0,24.0,43.45,0,62.41,0.6330613464499967,0,0,0
0,24.0,100.0,0,69.25,0.6924982911825017,0,0,0
0,33.0,0.0,0,5.85,0.0585470890200669,0,0,0
0,83.0,91.0,0,77.75,1.053467215928596,0,0,0
0,67.0,95.6,0,78.83,1.199507695087113,0,0,0
0,24.0,90.05,0,69.95,0.699511666986207,0,0,0
0,24.0,40.0,0,30.52,0.2941551234128545,0,0,0
0,30.0,100.0,0,96.46,0.8107106222642008,0,0,0
0,53.0,0.0,0,0.0,0.0,0,0,0
0,24.0,0.8,0,1.12,0.0111723815853286,0,0,0
0,119.0,62.16,0,84.23,0.8422860185185185,0,0,0
0,36.0,100.0,0,100.0,0.0,0,0,0
0,2.0,11.0,0,58.7,0.5869773762890719,0,0,0
0,18.0,0.0,0,3.69,0.0369094770679065,0,0,0
0,24.0,14.6,0,15.52,0.0860220270729222,0,0,0
0,86.0,100.0,0,100.0,0.0,0,0,0
0,24.0,95.0,0,101.74,1.017403136861706,0,0,0
0,36.0,64.2,0,44.65,0.69423180782868,0,0,0
0,24.0,98.89,0,56.16,0.5616313716774207,0,0,0
0,60.0,42.11,0,32.23,0.3222614788312463,0,0,0
0,47.0,48.8,0,28.73,0.2872654867256637,0,0,0
0,45.0,100.0,0,0.0,0.0,0,0,0
0,47.0,88.0,0,62.31,0.7405057471264368,0,0,0
0,24.0,84.32,0,68.3,0.9642438452520516,0,0,0
0,60.0,0.1,0,0.0,0.0,0,0,0
0,11.0,87.33,0,20.54,0.2092391885247653,0,0,0
0,30.0,58.0,0,46.93,0.4693113417697521,0,0,0
0,18.0,61.0,0,0.0,0.0,0,0,0
0,70.0,34.25,0,19.32,0.1931933655982501,0,0,0
0,30.0,23.01,0,16.0,0.16,0,0,0
0,36.0,100.0,0,104.63,0.0,0,0,0
0,24.0,54.56,0,45.02,0.4502057433023989,0,0,0
0,24.0,78.7,0,80.08,0.80078308706922,0,0,0
0,24.0,26.43,0,53.5,0.4512024363776385,0,0,0
0,18.0,87.0,0,33.2,0.3320473959768531,0,0,0
0,24.0,90.01,0,67.09,0.7784315875394417,0,0,0
0,124.0,53.54,0,60.47,0.6046722980351267,0,0,0
0,40.0,0.0,0,0.0,0.0,0,0,0
0,24.0,14.53,0,36.35,0.3581320203108171,0,0,0
0,54.0,6.0,0,7.5,0.075,0,0,0
0,30.0,81.49,0,95.31,0.8735172648551393,0,0,0
0,60.0,4.31,0,2.18,0.0218135886406954,0,0,0
0,36.0,58.4,0,32.65,0.326520512693621,0,0,0
0,24.0,100.0,0,82.51,0.838900606947613,0,0,0
0,24.0,100.0,0,93.3,0.9953901818019388,0,0,0
0,24.0,27.6,0,50.74,0.450132050882838,0,0,0
0,24.0,38.26,0,21.92,0.192324903787826,0,0,0
0,18.0,98.52,0,109.5,1.0621153911535717,0,0,0
